Battery capacity (mAh),Screen size (inches),Processor,RAM (MB),Internal storage (GB),Rear camera,Front camera,Price euro,Resolution ratio
4085,6.67,8,12000,256.0,48.0,16.0,758.1007008,2.1666666666666665
4000,6.5,8,6000,64.0,64.0,16.0,359.7759504,2.2222222222222223
4000,6.4,8,6000,128.0,12.0,32.0,642.351504,2.1666666666666665
3800,6.55,8,8000,128.0,48.0,16.0,448.83652800000004,2.2222222222222223
4085,6.67,8,8000,256.0,48.0,16.0,680.900304,2.1666666666666665
4300,6.8,8,12000,256.0,12.0,10.0,1024.1002704,2.111111111111111
6000,6.59,8,8000,128.0,48.0,24.0,488.2719504,2.1666666666666665
4000,6.39,8,6000,128.0,48.0,20.0,297.98222400000003,2.1666666666666665
3765,6.5,8,6000,64.0,16.0,16.0,308.261904,2.1666666666666665
3765,6.53,8,4000,128.0,48.0,16.0,192.7311504,2.1666666666666665
4000,6.39,8,6000,64.0,48.0,20.0,247.7659872,2.1666666666666665
4000,6.67,8,6000,128.0,48.0,16.0,513.919752,2.1666666666666665
4065,6.6,8,6000,128.0,48.0,16.0,475.30670399999997,2.1666666666666665
4045,6.3,8,4000,64.0,16.0,25.0,179.8815504,2.1666666666666665
4200,6.47,8,8000,256.0,40.0,32.0,697.476288,2.1666666666666665
4000,6.3,8,4000,64.0,48.0,13.0,125.9132304,2.1666666666666665
4200,6.39,8,6000,128.0,40.0,24.0,822.245904,2.1666666666666665
3300,6.4,8,6000,128.0,12.0,8.0,385.4751504,2.1666666666666665
3700,6.41,8,6000,128.0,16.0,16.0,411.1743504,2.1666666666666665
3430,6.3,8,4000,64.0,12.2,8.0,616.652304,2.0555555555555554
2915,5.5,8,4000,64.0,12.2,8.0,488.2719504,2.0
4000,6.0,8,8000,128.0,12.0,8.0,899.4591504,2.0
4000,6.4,8,6000,128.0,12.0,8.0,732.4143504,2.0555555555555554
3000,6.1,8,6000,128.0,16.0,8.0,488.2719504,2.1666666666666665
5000,5.99,8,3000,32.0,13.0,8.0,128.367504,2.0
4000,6.1,8,4000,64.0,40.0,24.0,642.351504,2.074074074074074
3300,6.28,8,6000,64.0,16.0,16.0,449.7231504,2.111111111111111
3300,6.2,8,4000,64.0,12.0,8.0,244.1295504,2.0796296296296295
4000,5.99,8,4000,64.0,12.0,20.0,120.1309104,2.0
3800,6.0,8,4000,64.0,12.0,16.0,154.1952,2.0
3500,6.2,8,6000,64.0,12.0,8.0,385.4751504,2.0555555555555554
3000,5.8,8,4000,64.0,12.0,8.0,346.9263504,2.0555555555555554
3930,6.0,8,6000,128.0,12.0,8.0,680.900304,1.7777777777777777
3300,6.3,8,6000,64.0,12.0,8.0,642.4671504,2.0555555555555554
2730,5.5,8,6000,64.0,12.0,5.0,269.8287504,1.7777777777777777
3000,5.5,8,6000,128.0,12.0,16.0,693.749904,1.7777777777777777
3090,5.3,8,4000,64.0,13.0,13.0,192.6669024,1.7777777777777777
3500,6.2,8,4000,64.0,12.0,8.0,385.488,2.0555555555555554
3000,5.8,8,4000,64.0,12.0,8.0,346.86210239999997,2.0555555555555554
3300,5.7,1,3000,32.0,13.0,5.0,308.261904,2.0
3400,5.5,4,6000,64.0,16.0,16.0,256.9791504,1.7777777777777777
4000,6.0,8,6000,64.0,16.0,16.0,218.43035039999998,1.7777777777777777
3450,5.5,4,4000,32.0,12.3,8.0,398.20910399999997,1.7777777777777777
3000,5.2,8,4000,32.0,12.0,8.0,260.1530016,1.7777777777777777
3000,5.5,4,6000,64.0,16.0,8.0,295.5279504,1.7777777777777777
3000,5.7,4,6000,256.0,23.0,8.0,578.2191504000001,1.7777777777777777
3000,5.15,4,3000,32.0,16.0,4.0,321.22715039999997,1.7777777777777777
3600,5.5,8,4000,32.0,12.0,5.0,513.9326016,1.7777777777777777
3000,5.1,8,4000,32.0,12.0,5.0,308.3775504,1.7777777777777777
3760,5.4,8,3000,32.0,21.0,5.0,89.8701024,1.7777777777777777
3450,5.7,8,3000,32.0,12.3,8.0,552.5071008,1.7777777777777777
2500,5.5,8,2000,16.0,13.0,5.0,77.033352,1.7777777777777777
3050,5.7,8,2000,32.0,16.0,5.0,93.78923040000001,1.7777777777777777
2550,5.1,8,3000,32.0,16.0,5.0,334.0767504,1.7777777777777777
2500,5.5,8,2000,16.0,13.0,5.0,51.3855504,1.7777777777777777
3100,5.5,8,2000,8.0,13.0,5.0,102.7839504,1.7777777777777777
5000,6.52,8,3000,32.0,12.0,5.0,89.9343504,2.2222222222222223
4500,6.67,8,6000,64.0,64.0,20.0,205.5807504,2.2222222222222223
4500,6.7,8,8000,128.0,48.0,32.0,513.9711503999999,2.2222222222222223
5000,6.52,8,4000,64.0,12.0,8.0,115.63355039999999,2.2222222222222223
4500,6.7,8,6000,128.0,12.0,32.0,501.1215504,2.2222222222222223
4500,6.44,8,8000,128.0,48.0,32.0,271.76904,2.2222222222222223
5000,6.53,8,4000,64.0,16.0,16.0,141.21710399999998,2.1666666666666665
5000,6.5,8,4000,64.0,48.0,13.0,128.4831504,2.2222222222222223
4000,6.4,8,4000,64.0,64.0,32.0,218.43035039999998,2.1666666666666665
4100,6.44,8,8000,128.0,48.0,32.0,336.91651199999995,2.2222222222222223
5000,6.65,8,8000,128.0,48.0,16.0,616.7679504,2.1666666666666665
6000,6.4,8,4000,64.0,48.0,16.0,167.0319504,2.1666666666666665
4500,6.38,8,4000,128.0,48.0,32.0,205.465104,2.1666666666666665
4000,6.53,8,8000,256.0,48.0,16.0,296.82576,2.1666666666666665
4000,6.4,8,4000,64.0,64.0,16.0,192.7311504,2.1666666666666665
4500,6.53,8,6000,64.0,64.0,20.0,179.8815504,2.1666666666666665
3500,6.3,8,4000,64.0,48.0,20.0,197.5882992,2.1666666666666665
4000,6.4,8,4000,128.0,48.0,32.0,213.94584,2.1666666666666665
4035,6.3,8,4000,64.0,48.0,16.0,154.1823504,2.1666666666666665
5000,6.5,8,3000,32.0,12.0,13.0,110.50656000000001,2.2222222222222223
5000,6.53,8,4000,64.0,16.0,32.0,166.916304,2.1666666666666665
4030,6.08,8,4000,64.0,48.0,32.0,152.20351200000002,2.1666666666666665
5000,6.4,8,6000,64.0,48.0,48.0,359.7759504,2.1666666666666665
3500,6.3,8,6000,128.0,32.0,16.0,216.8883984,2.1666666666666665
4000,6.3,8,3000,32.0,48.0,13.0,111.13619039999999,2.1666666666666665
3500,6.3,8,4000,128.0,48.0,25.0,175.911024,2.3333333333333335
5000,6.65,8,8000,128.0,48.0,16.0,462.57275039999996,2.1666666666666665
4020,6.53,8,4000,128.0,16.0,16.0,154.066704,2.1666666666666665
3700,6.0,8,4000,64.0,12.2,8.0,449.7231504,2.0
4500,6.7,8,6000,128.0,32.0,32.0,286.53323040000004,2.2222222222222223
4000,6.39,8,6000,128.0,48.0,20.0,385.4751504,2.1666666666666665
3700,6.41,8,6000,128.0,48.0,16.0,385.4751504,2.1666666666666665
3550,6.2,8,6000,64.0,12.0,8.0,513.855504,2.0814814814814815
3700,6.39,8,6000,128.0,48.0,32.0,230.94586080000002,2.1666666666666665
4000,6.3,8,3000,32.0,12.0,13.0,124.6282704,2.1666666666666665
4000,6.26,8,2000,16.0,12.0,8.0,94.2132672,2.111111111111111
5000,6.3,8,3000,32.0,13.0,8.0,128.4831504,2.1666666666666665
5000,6.4,8,3000,32.0,13.0,16.0,122.0583504,2.1666666666666665
4000,6.4,8,6000,128.0,48.0,25.0,322.781952,2.138888888888889
5000,6.26,8,3000,32.0,12.0,13.0,154.1823504,2.111111111111111
3000,5.6,8,4000,64.0,12.2,8.0,398.32475039999997,2.0555555555555554
3500,6.3,8,3000,32.0,13.0,25.0,115.63355039999999,2.1666666666666665
3400,6.21,8,3000,32.0,13.0,24.0,102.7839504,2.1666666666666665
3500,6.18,8,4000,64.0,12.0,20.0,231.2928,2.077777777777778
3800,6.3,8,6000,128.0,24.0,24.0,282.6912,2.0555555555555554
3600,6.41,8,4000,64.0,16.0,25.0,128.367504,2.1666666666666665
3060,5.84,8,4000,64.0,12.0,8.0,152.91024000000002,2.111111111111111
3500,6.3,8,4000,64.0,16.0,16.0,151.239792,2.1666666666666665
3260,6.3,8,4000,64.0,13.0,16.0,211.889904,2.111111111111111
3300,6.0,8,4000,64.0,24.0,24.0,211.889904,2.0555555555555554
4000,6.26,8,4000,64.0,12.0,20.0,123.099168,2.111111111111111
3400,6.41,8,6000,64.0,12.0,25.0,192.615504,2.1666666666666665
3700,6.4,8,8000,128.0,12.0,25.0,273.68363039999997,2.1666666666666665
3060,5.86,8,3000,32.0,13.0,8.0,89.9343504,2.111111111111111
3750,6.5,8,4000,64.0,20.0,16.0,128.4831504,2.1666666666666665
4000,6.18,8,6000,64.0,12.0,20.0,192.615504,2.0796296296296295
3060,5.8,8,4000,64.0,16.0,16.0,115.63355039999999,2.111111111111111
4000,6.59,8,8000,128.0,12.0,8.0,385.4751504,2.1444444444444444
3730,6.42,8,8000,256.0,16.0,25.0,759.282864,2.1666666666666665
3750,6.3,8,4000,64.0,16.0,16.0,231.4341456,2.1666666666666665
3410,6.0,8,3000,32.0,13.0,8.0,132.3380304,2.0
3000,5.99,8,4000,64.0,12.0,20.0,115.51790399999999,2.0
3400,5.84,8,6000,128.0,16.0,24.0,218.31470399999998,2.111111111111111
3400,6.23,8,4000,64.0,16.0,25.0,244.013904,2.111111111111111
3200,6.28,8,6000,64.0,12.0,12.0,235.01918400000002,2.111111111111111
3260,5.5,8,6000,128.0,12.0,5.0,179.8815504,1.7777777777777777
4000,5.65,8,3000,32.0,13.0,20.0,128.4831504,2.0
3000,5.5,8,3000,32.0,16.0,8.0,113.7061104,1.7777777777777777
3750,5.99,8,6000,128.0,16.0,13.0,204.29579040000002,2.0
4350,5.98,8,6000,128.0,12.0,16.0,204.30864,1.7777777777777777
3200,6.0,8,4000,32.0,16.0,20.0,134.9079504,2.0
3300,6.01,8,6000,64.0,16.0,16.0,366.2007504,2.0
3340,5.9,8,4000,64.0,16.0,16.0,115.63355039999999,2.0
3400,5.99,8,6000,64.0,12.0,5.0,385.4751504,2.0
4000,5.2,8,3000,32.0,13.0,8.0,89.818704,1.7777777777777777
3080,5.5,8,4000,32.0,12.0,5.0,128.4831504,1.7777777777777777
2700,5.2,8,4000,32.0,19.0,13.0,449.607504,1.7777777777777777
3300,6.0,8,4000,128.0,16.0,5.0,359.7759504,2.0
4000,5.5,10,3000,32.0,13.0,13.0,93.78923040000001,1.7777777777777777
3000,5.2,8,3000,32.0,16.0,5.0,128.4831504,1.7777777777777777
3520,6.0,8,4000,64.0,12.2,8.0,166.96770239999998,2.0
2700,5.0,8,4000,64.0,12.2,8.0,128.4189024,1.7777777777777777
3000,5.2,8,3000,32.0,12.0,16.0,160.62,1.7777777777777777
3000,5.5,8,3000,32.0,13.0,8.0,109.2216,1.7777777777777777
3300,5.7,8,2000,16.0,12.0,5.0,83.5095504,2.0
4000,5.99,8,3000,32.0,12.0,5.0,111.77867040000001,2.0
2000,2.4,2,512,4.0,2.0,0.3,16.0491504,1.3333333333333333
3300,5.7,8,4000,32.0,13.0,13.0,127.082544,1.7777777777777777
3000,5.5,8,4000,64.0,12.0,5.0,134.9079504,1.7777777777777777
3000,5.0,8,4000,32.0,13.0,8.0,76.96910399999999,1.7777777777777777
5300,6.44,8,4000,32.0,12.0,5.0,115.63355039999999,1.7777777777777777
4060,5.5,8,6000,64.0,13.0,8.0,115.63355039999999,1.7777777777777777
3300,5.5,8,6000,64.0,16.0,16.0,224.85515039999999,1.7777777777777777
5000,5.5,8,4000,64.0,12.0,13.0,346.9263504,1.7777777777777777
4000,5.7,8,6000,128.0,12.0,8.0,225.9730656,1.7777777777777777
3200,5.5,8,4000,128.0,13.0,13.0,179.8815504,1.7777777777777777
4000,6.0,8,4000,64.0,16.0,16.0,179.76590399999998,1.7777777777777777
3230,5.5,8,4000,64.0,19.0,13.0,430.4616,1.7777777777777777
3000,5.2,8,3000,16.0,12.0,5.0,140.06064,1.7777777777777777
5000,5.2,8,3000,32.0,13.0,8.0,192.7311504,1.7777777777777777
3300,5.7,1,4000,64.0,16.0,16.0,218.43035039999998,1.7777777777777777
2500,5.2,8,4000,64.0,16.0,16.0,199.1688,1.7777777777777777
3000,5.7,4,4000,64.0,12.0,16.0,702.423384,1.7777777777777777
3300,5.7,4,8000,128.0,23.0,8.0,642.4671504,1.7777777777777777
3120,5.0,4,2000,16.0,13.0,5.0,89.9343504,1.7777777777777777
4100,5.0,8,2000,16.0,13.0,5.0,115.63355039999999,1.7777777777777777
3000,5.2,8,4000,64.0,23.0,13.0,218.43035039999998,1.7777777777777777
3500,5.0,4,3000,32.0,13.0,8.0,147.75755039999999,1.7777777777777777
3200,5.7,4,4000,64.0,16.0,5.0,346.9263504,1.7777777777777777
4000,5.0,8,3000,32.0,13.0,8.0,109.2216,1.7777777777777777
2900,5.2,4,3000,64.0,23.0,13.0,154.1823504,1.7777777777777777
3300,5.5,8,3000,16.0,13.0,8.0,205.529352,1.7777777777777777
3510,5.5,8,3000,32.0,16.0,5.0,115.51790399999999,1.7777777777777777
4100,5.5,8,2000,32.0,13.0,5.0,128.367504,1.7777777777777777
4100,5.0,8,3000,32.0,13.0,5.0,102.79679999999999,1.7777777777777777
2600,5.5,4,4000,64.0,13.0,5.0,154.1823504,1.7777777777777777
3000,5.5,8,4000,64.0,16.0,8.0,192.7311504,1.7777777777777777
3000,5.5,8,4000,32.0,13.0,4.0,70.544304,1.7777777777777777
3000,5.5,8,2000,16.0,16.0,5.0,77.0847504,1.7777777777777777
2800,5.5,8,4000,64.0,13.0,5.0,109.2087504,1.7777777777777777
4850,6.44,6,3000,32.0,16.0,5.0,154.066704,1.7777777777777777
4100,5.5,4,3000,64.0,13.0,8.0,96.35915039999999,1.7777777777777777
3000,5.5,8,3000,32.0,16.0,8.0,89.9343504,1.7777777777777777
3100,5.7,4,4000,32.0,21.0,8.0,100.098384,1.7777777777777777
3000,5.2,8,3000,32.0,12.0,8.0,513.9711503999999,1.7777777777777777
2800,5.3,4,4000,32.0,16.0,8.0,141.3327504,1.7777777777777777
2500,5.0,8,3000,16.0,13.0,8.0,115.63355039999999,1.7777777777777777
2900,5.2,8,2000,16.0,13.0,5.0,256.863504,1.7777777777777777
4050,5.5,6,2000,16.0,16.0,5.0,88.64939039999999,1.7777777777777777
2150,5.0,8,3000,32.0,13.0,4.0,387.4025904,1.7777777777777777
3410,5.4,6,3000,32.0,18.0,2.0,256.9791504,1.7777777777777777
2700,5.2,6,2000,16.0,12.3,5.0,333.961104,1.7777777777777777
4900,5.5,8,2000,32.0,13.0,5.0,205.5807504,1.7777777777777777
2420,5.0,8,3000,32.0,13.0,8.0,141.21710399999998,1.7777777777777777
3000,5.7,8,4000,32.0,16.0,5.0,231.2799504,1.7777777777777777
3000,5.7,8,4000,32.0,16.0,5.0,192.7311504,1.7777777777777777
3630,5.5,8,2000,16.0,21.0,5.0,102.66830399999999,1.7777777777777777
2470,5.0,4,1000,8.0,13.0,5.0,141.3327504,1.7777777777777777
3100,5.2,8,3000,16.0,20.0,8.0,205.5807504,1.7777777777777777
3000,5.5,8,2000,16.0,13.0,13.0,192.7311504,1.7777777777777777
3000,5.5,6,3000,32.0,16.0,8.0,170.88683039999998,1.7777777777777777
3120,5.0,8,2000,16.0,13.0,5.0,167.0319504,1.7777777777777777
2900,5.5,8,2000,16.0,13.0,5.0,128.4831504,1.7777777777777777
3900,5.2,4,3000,64.0,21.0,2.0,411.1743504,1.7777777777777777
2700,5.2,8,2000,16.0,13.0,8.0,205.5807504,1.7777777777777777
2900,5.0,8,3000,32.0,16.0,8.0,125.9132304,1.7777777777777777
2600,5.1,8,3000,32.0,16.0,5.0,334.0767504,1.7777777777777777
3600,5.5,8,3000,32.0,8.0,8.0,340.5015504,1.7777777777777777
2600,5.5,8,2000,16.0,13.0,8.0,327.6648,1.7777777777777777
2600,5.0,4,2000,16.0,13.0,5.0,366.2136,1.7777777777777777
3220,5.96,4,3000,32.0,13.0,2.0,173.341104,1.7777777777777777
2400,5.2,4,2000,16.0,13.0,13.0,141.21710399999998,1.7777777777777777
3450,4.5,4,3000,32.0,13.0,2.0,205.5807504,1.0
2300,5.2,4,2000,16.0,13.0,2.0,308.3775504,1.7777777777777777
2070,5.0,4,1000,16.0,8.0,2.0,173.46959999999999,1.7777777777777777
2600,4.6,4,2000,16.0,20.7,2.2,501.005904,1.7777777777777777
3220,5.7,4,3000,32.0,16.0,3.7,358.50384,1.7777777777777777
3000,5.6,4,3000,32.0,16.0,3.7,384.84552,1.6
3080,5.0,4,3000,16.0,13.0,8.0,102.6297552,1.7777777777777777
4000,6.0,4,3000,32.0,16.0,5.0,385.4751504,1.7777777777777777
3100,5.5,4,3000,16.0,13.0,5.0,282.6783504,1.7777777777777777
2800,5.1,8,2000,16.0,16.0,2.0,436.8735504,1.7777777777777777
3200,5.2,4,3000,16.0,20.7,2.2,462.45710399999996,1.7777777777777777
2300,4.3,4,2000,16.0,20.7,2.0,154.1823504,1.7777777777777777
2500,5.5,4,2000,16.0,16.0,8.0,47.5306704,1.7777777777777777
2600,5.2,4,1000,8.0,8.0,1.9,205.5807504,1.7777777777777777
2070,4.5,4,1000,8.0,5.0,1.3,128.4831504,1.7777777777777777
2300,4.95,4,2000,16.0,8.0,1.3,154.1952,1.7777777777777777
3400,6.0,4,2000,32.0,20.0,1.2,449.607504,1.7777777777777777
3050,5.0,4,2000,16.0,13.0,2.0,179.8815504,1.7777777777777777
3200,5.7,8,3000,32.0,13.0,2.0,650.8322400000001,1.7777777777777777
3000,5.0,1,2000,16.0,20.7,2.0,728.5594704,1.7777777777777777
3000,5.2,4,2000,16.0,13.0,2.1,289.1031504,1.7777777777777777
2200,4.7,2,2000,16.0,10.0,2.0,192.744,1.7777777777777777
2330,5.0,4,2000,16.0,13.1,2.2,417.483504,1.7777777777777777
2100,4.8,4,1000,16.0,8.0,1.9,77.0847504,1.7777777777777777
2600,5.0,8,2000,16.0,13.0,2.0,744.184584,1.7777777777777777
2000,4.5,2,1000,32.0,8.7,1.3,115.63355039999999,1.6666666666666667
4000,6.4,8,8000,128.0,48.0,16.0,240.159024,2.2222222222222223
4500,6.38,8,8000,128.0,48.0,32.0,238.9897104,2.1666666666666665
4000,6.3,8,4000,64.0,48.0,25.0,167.0319504,2.111111111111111
4000,6.2,8,4000,64.0,13.0,8.0,115.63355039999999,2.111111111111111
5000,6.35,8,3000,32.0,13.0,8.0,115.51790399999999,2.1444444444444444
5000,6.22,8,2000,32.0,12.0,8.0,83.5095504,2.111111111111111
5000,6.5,8,4000,128.0,48.0,16.0,189.27460799999997,2.2222222222222223
4000,6.4,8,3000,32.0,13.0,8.0,109.2087504,2.111111111111111
5000,6.52,8,4000,64.0,13.0,8.0,102.79679999999999,2.2222222222222223
4000,6.3,8,3000,32.0,48.0,13.0,118.152072,2.111111111111111
5000,6.22,8,4000,64.0,12.0,8.0,102.7839504,2.111111111111111
4230,6.2,8,3000,32.0,13.0,13.0,89.9343504,2.111111111111111
4000,6.19,8,4000,64.0,13.0,13.0,128.367504,2.0833333333333335
4000,6.59,8,4000,128.0,48.0,16.0,179.8815504,2.1666666666666665
3500,6.3,8,4000,128.0,12.0,12.0,128.4831504,2.3333333333333335
4000,6.26,8,3000,32.0,13.0,16.0,109.2087504,2.111111111111111
4000,6.19,8,6000,64.0,13.0,13.0,141.3327504,2.0833333333333335
4000,5.45,8,2000,16.0,12.0,5.0,70.6599504,2.0
4000,6.21,8,3000,32.0,13.0,32.0,102.7839504,2.111111111111111
5000,6.35,8,4000,128.0,13.0,20.0,147.64190399999998,2.1444444444444444
3500,6.21,4,2000,32.0,13.0,8.0,89.9343504,2.111111111111111
4000,6.1,8,2000,32.0,8.0,5.0,85.706832,2.1666666666666665
4230,6.2,8,2000,32.0,13.0,8.0,101.961576,0.47368421052631576
4000,6.26,8,3000,32.0,12.0,32.0,102.7839504,2.111111111111111
4000,6.1,8,2000,16.0,13.0,5.0,77.0847504,2.1666666666666665
3400,6.21,8,4000,128.0,24.0,32.0,141.3327504,2.1666666666666665
4500,6.38,8,4000,128.0,16.0,32.0,192.4741584,2.1666666666666665
4230,6.2,8,3000,32.0,13.0,13.0,109.093104,2.111111111111111
4000,6.53,8,6000,64.0,12.0,32.0,192.615504,2.1666666666666665
3000,5.0,4,1000,8.0,8.0,5.0,57.8103504,1.7777777777777777
3010,6.0,8,8000,128.0,12.0,20.0,256.863504,2.0
4000,6.26,8,3000,32.0,13.0,8.0,96.35915039999999,2.111111111111111
4000,5.93,8,4000,64.0,16.0,16.0,205.5807504,2.0
4000,6.2,8,3000,32.0,13.0,16.0,141.3327504,2.0833333333333335
3000,5.45,8,2000,16.0,13.0,5.0,64.2351504,2.0
4000,5.45,8,3000,32.0,13.0,8.0,77.0847504,2.0
3000,5.7,8,3000,32.0,13.0,13.0,75.79979039999999,2.0
3500,6.0,8,3000,32.0,13.0,8.0,88.01976,2.0
4000,6.26,8,4000,32.0,13.0,8.0,102.7839504,2.111111111111111
3000,6.18,8,6000,128.0,16.0,16.0,385.4751504,2.0796296296296295
4230,6.2,8,2000,16.0,13.0,5.0,102.66830399999999,2.111111111111111
3000,4.5,8,4000,64.0,13.0,8.0,295.412304,1.5
4230,6.2,8,3000,32.0,13.0,8.0,114.232944,2.111111111111111
4500,5.99,8,3000,32.0,12.0,16.0,75.17016,2.0
3500,6.3,8,6000,64.0,16.0,25.0,231.164304,2.1666666666666665
3500,6.3,8,4000,64.0,16.0,16.0,154.1181024,2.1666666666666665
3000,5.84,8,3000,32.0,13.0,16.0,96.35915039999999,2.111111111111111
3340,6.3,8,4000,128.0,16.0,24.0,282.6783504,2.1666666666666665
3750,6.3,8,6000,128.0,16.0,24.0,205.5807504,2.1666666666666665
4000,5.84,8,3000,32.0,12.0,5.0,106.523184,2.111111111111111
3000,5.45,4,2000,16.0,13.0,5.0,73.22987040000001,2.0
3080,5.99,8,3000,32.0,12.0,16.0,102.7839504,2.0
3750,6.0,8,4000,64.0,16.0,20.0,95.344032,2.0
3000,5.45,8,3000,32.0,12.0,5.0,92.260128,2.0
3500,6.0,8,4000,64.0,16.0,16.0,199.1559504,2.0
3000,5.6,8,3000,32.0,13.0,8.0,121.94270399999999,2.0555555555555554
3500,6.0,8,4000,64.0,16.0,24.0,205.5807504,2.0555555555555554
5000,6.0,8,3000,32.0,12.0,5.0,120.7733904,2.0
3800,6.0,8,8000,128.0,24.0,8.0,319.441056,2.0
4000,5.7,8,4000,64.0,13.0,13.0,102.66830399999999,2.0
3000,5.65,4,3000,16.0,13.0,13.0,108.964608,2.0
3000,5.84,8,4000,64.0,16.0,24.0,164.47487999999998,2.111111111111111
3260,6.3,8,4000,64.0,16.0,24.0,176.553504,2.111111111111111
4000,5.7,8,3000,32.0,13.0,8.0,103.4264304,2.0
3000,5.99,8,3000,32.0,13.0,8.0,100.21403040000001,2.0
3000,5.7,8,3000,32.0,12.0,16.0,134.9079504,2.0
5000,5.2,8,3000,32.0,13.0,5.0,134.92079999999999,1.7777777777777777
3180,5.7,8,2000,16.0,13.0,8.0,87.3644304,2.0
3000,5.65,8,3000,32.0,13.0,13.0,114.73407839999999,2.0
3500,5.2,4,2000,16.0,13.0,5.0,64.2351504,1.7777777777777777
4000,5.7,4,2000,16.0,13.0,8.0,88.01976,2.0
3500,6.0,8,6000,64.0,16.0,16.0,217.15824,2.0555555555555554
3030,5.7,8,4000,32.0,13.0,16.0,81.1966224,2.0
3000,5.7,8,4000,32.0,16.0,24.0,179.76590399999998,2.0
3080,5.5,8,2000,16.0,13.0,16.0,109.093104,1.7777777777777777
3000,5.0,4,2000,16.0,13.0,5.0,92.50427040000001,1.7777777777777777
3340,5.93,8,4000,32.0,16.0,8.0,163.47261120000002,2.0
3020,5.0,8,3000,32.0,13.0,5.0,109.2087504,1.7777777777777777
5000,6.0,8,4000,64.0,13.0,8.0,114.232944,2.0
3225,5.99,8,4000,64.0,16.0,24.0,141.21710399999998,2.0
3000,5.5,8,4000,64.0,16.0,12.0,334.0767504,1.7777777777777777
3000,5.5,8,3000,32.0,13.0,5.0,114.9782208,2.0
3200,5.5,8,4000,64.0,13.0,16.0,154.066704,1.7777777777777777
3000,5.5,8,4000,32.0,13.0,5.0,77.0847504,1.7777777777777777
3000,5.5,8,4000,64.0,13.0,20.0,166.916304,1.7777777777777777
4000,5.0,4,2000,16.0,8.0,5.0,70.6599504,1.7777777777777777
3020,5.5,8,4000,32.0,13.0,8.0,154.1952,1.7777777777777777
3630,5.5,8,4000,64.0,13.0,16.0,166.916304,1.7777777777777777
3800,4.7,8,2000,16.0,13.0,5.0,513.9711503999999,1.7777777777777777
2500,5.0,4,3000,16.0,13.0,8.0,55.124784000000005,1.7777777777777777
4010,5.5,8,4000,64.0,13.0,16.0,128.4831504,1.7777777777777777
2700,6.0,8,4000,64.0,23.0,16.0,77.0205024,1.7777777777777777
2900,5.2,4,4000,32.0,19.0,13.0,385.35950399999996,1.7777777777777777
4550,6.0,8,4000,64.0,13.0,20.0,12.7725024,1.7777777777777777
2800,5.0,8,2000,16.0,13.0,5.0,70.03032,1.7777777777777777
3000,5.2,8,4000,64.0,12.0,8.0,191.8830768,1.7777777777777777
3055,5.5,8,4000,64.0,16.0,20.0,160.62,1.7777777777777777
3000,5.5,8,2000,16.0,16.0,8.0,93.1596,1.7777777777777777
3600,5.7,8,3000,32.0,16.0,16.0,332.80464,1.7777777777777777
3000,5.2,8,3000,32.0,16.0,16.0,244.1295504,1.7777777777777777
2500,5.5,8,3000,32.0,13.0,5.0,115.51790399999999,1.5
2900,5.2,8,3000,32.0,13.0,16.0,154.1952,1.7777777777777777
3000,5.5,8,4000,32.0,13.0,20.0,212.5452336,1.7777777777777777
4100,5.5,8,2000,32.0,16.0,8.0,110.4937104,1.7777777777777777
3200,5.5,8,3000,32.0,16.0,8.0,83.5095504,1.7777777777777777
3000,5.5,10,3000,32.0,16.0,8.0,141.3327504,1.7777777777777777
3340,5.5,8,3000,32.0,12.0,8.0,179.8815504,1.7777777777777777
3200,5.0,1,3000,16.0,13.0,5.0,70.6599504,1.7777777777777777
5100,5.5,8,3000,32.0,13.0,5.0,218.43035039999998,1.7777777777777777
4000,5.5,8,3000,32.0,16.0,8.0,114.232944,1.7777777777777777
3150,5.5,8,3000,32.0,13.0,8.0,154.1952,1.7777777777777777
4000,5.5,8,3000,32.0,13.0,8.0,162.4060944,1.7777777777777777
3075,5.5,8,3000,32.0,13.0,16.0,205.465104,1.7777777777777777
2610,5.2,8,3000,16.0,13.0,8.0,154.1823504,1.7777777777777777
3000,5.5,8,4000,32.0,13.0,8.0,70.6599504,1.7777777777777777
4050,6.4,8,3000,32.0,13.0,8.0,128.4831504,1.7777777777777777
4000,5.5,8,4000,32.0,13.0,5.0,64.2351504,1.7777777777777777
3000,5.5,8,3000,16.0,13.0,5.0,80.29715039999999,1.7777777777777777
3000,5.5,8,3000,32.0,13.0,5.0,102.66830399999999,1.7777777777777777
3000,5.5,8,4000,32.0,13.0,8.0,231.0229584,1.7777777777777777
2850,5.5,8,4000,64.0,13.0,16.0,231.164304,1.7777777777777777
2500,5.0,4,3000,16.0,8.0,8.0,128.367504,1.7777777777777777
2750,5.0,8,2000,16.0,13.0,5.0,77.0847504,1.7777777777777777
2750,5.0,8,2000,16.0,13.0,5.0,102.7839504,1.7777777777777777
4000,5.0,4,2000,8.0,8.0,5.0,64.2351504,1.7777777777777777
2300,4.93,4,2000,16.0,13.0,8.0,102.66830399999999,1.7777777777777777
2500,5.0,4,3000,16.0,13.0,5.0,64.2351504,1.7777777777777777
3300,5.5,8,3000,16.0,13.0,5.0,115.51790399999999,1.7777777777777777
5020,6.0,8,3000,64.0,13.0,5.0,307.10544,1.7777777777777777
2850,5.5,8,2000,16.0,13.0,5.0,123.741648,1.7777777777777777
3000,5.2,8,4000,32.0,21.0,8.0,385.4751504,1.7777777777777777
2600,5.5,8,2000,16.0,13.0,13.0,64.119504,1.7777777777777777
4000,5.0,4,3000,32.0,8.0,5.0,96.35915039999999,1.7777777777777777
3150,5.5,8,3000,32.0,13.0,5.0,205.5679008,1.7777777777777777
2470,5.0,8,2000,16.0,13.0,5.0,218.43035039999998,1.7777777777777777
2900,5.2,8,3000,16.0,13.0,5.0,87.37728000000001,1.7777777777777777
3000,5.5,8,2000,16.0,13.0,5.0,95.08703999999999,1.7777777777777777
3000,5.5,8,3000,16.0,13.0,5.0,122.0583504,1.7777777777777777
2600,5.5,8,2000,16.0,13.0,4.0,89.9343504,1.7777777777777777
2000,4.7,4,1000,8.0,8.0,2.0,60.328872000000004,1.7777777777777777
2900,5.2,8,3000,32.0,23.0,5.0,591.0687504,1.7777777777777777
4000,5.5,8,3000,32.0,8.0,8.0,92.388624,1.7777777777777777
2200,4.7,4,2000,16.0,8.0,2.0,89.9343504,1.7777777777777777
5000,5.5,4,2000,16.0,13.0,5.0,64.2351504,1.7777777777777777
3000,5.5,4,4000,64.0,13.0,5.0,218.43035039999998,1.7777777777777777
5000,5.0,4,2000,16.0,8.0,5.0,56.53824,1.7777777777777777
3000,5.5,4,2000,16.0,13.0,5.0,167.0319504,1.7777777777777777
3000,5.7,6,3000,16.0,21.0,5.0,269.8287504,1.7777777777777777
2900,5.5,4,3000,16.0,13.0,8.0,101.7174336,1.7777777777777777
3200,5.5,8,2000,16.0,13.0,5.0,153.3728256,1.7777777777777777
2300,5.0,8,2000,16.0,13.0,5.0,41.6070048,1.7777777777777777
2700,5.2,8,2000,16.0,13.0,8.0,64.2351504,1.7777777777777777
2230,5.0,4,2000,16.0,8.0,5.0,115.63355039999999,1.7777777777777777
2550,5.0,8,2000,8.0,13.0,5.0,115.63355039999999,1.7777777777777777
2300,5.0,4,2000,16.0,8.0,2.0,82.2245904,1.7777777777777777
2900,5.5,8,2000,8.0,8.0,5.0,85.65543360000001,1.7777777777777777
2390,4.5,4,1000,8.0,5.0,0.3,64.2351504,1.7777777777777777
2000,4.7,8,1000,8.0,8.0,2.0,115.6464,1.7777777777777777
2300,5.0,4,1000,8.0,8.0,2.0,64.248,1.7777777777777777
3000,5.5,4,4000,64.0,13.0,5.0,205.5807504,1.7777777777777777
2200,4.7,4,1000,8.0,8.0,2.0,69.3749904,1.7777777777777777
4000,5.0,4,1000,8.0,10.0,2.0,55.2404304,1.7777777777777777
1900,4.5,4,512,4.0,5.0,2.0,84.0235344,1.7791666666666666
2300,4.7,8,2000,16.0,13.0,13.0,178.54519200000001,1.7777777777777777
3000,5.5,4,2000,8.0,13.0,5.0,128.4831504,1.7777777777777777
2800,5.5,4,1000,8.0,8.0,2.0,89.92150079999999,1.7777777777777777
2000,5.0,8,1000,16.0,13.0,5.0,70.544304,1.7777777777777777
1700,4.5,4,1000,4.0,5.0,2.4,61.613831999999995,1.7791666666666666
1700,4.5,4,1000,4.0,5.0,2.4,37.250990400000006,1.7791666666666666
1700,4.5,4,1000,4.0,5.0,2.4,96.24350399999999,1.7791666666666666
2500,5.0,8,2000,8.0,13.0,5.0,64.2351504,1.7777777777777777
2200,5.0,4,1000,16.0,10.0,0.9,256.9791504,1.7777777777777777
2600,5.5,8,2000,16.0,13.0,8.0,334.0767504,1.7777777777777777
1860,4.7,8,2000,32.0,12.0,2.1,128.4831504,1.7777777777777777
1920,5.0,8,2000,16.0,8.0,2.0,70.6599504,1.7777777777777777
2000,5.0,4,1000,4.0,8.0,2.0,64.2351504,1.7777777777777777
2000,4.7,4,1000,8.0,8.0,1.6,77.0847504,1.7777777777777777
3000,5.0,8,3000,16.0,13.0,5.0,192.7311504,1.7777777777777777
2140,5.0,4,2000,16.0,13.0,0.0,128.367504,1.7777777777777777
2000,5.0,4,1000,8.0,8.0,2.0,175.6154832,1.7777777777777777
2500,5.5,8,1000,8.0,13.0,2.0,152.91024000000002,1.7777777777777777
1980,4.3,2,1000,4.0,5.0,0.0,64.2351504,1.7777777777777777
2410,5.0,4,1000,16.0,8.0,5.0,150.790056,1.7777777777777777
2250,5.0,4,1000,8.0,8.0,2.0,174.8316576,1.7777777777777777
2350,5.0,8,2000,32.0,16.0,8.0,77.0847504,1.7777777777777777
2600,5.5,4,1000,8.0,13.0,5.0,351.950544,1.7777777777777777
1500,4.0,2,512,4.0,3.0,0.0,102.7839504,1.6666666666666667
3000,4.7,4,1000,8.0,8.0,0.3,86.09232,1.7777777777777777
2300,5.0,8,2000,16.0,13.0,5.0,141.3327504,1.7777777777777777
3200,5.9,4,3000,16.0,13.0,2.1,539.9530416,1.7777777777777777
2000,5.0,4,1000,8.0,8.0,2.0,175.74397919999998,1.7777777777777777
3100,5.5,6,2000,16.0,8.0,2.0,144.558,1.7777777777777777
3300,6.0,2,2000,16.0,13.0,2.0,114.2457936,1.7777777777777777
1010,3.0,1,64,0.064,5.0,0.0,44.960750399999995,1.3333333333333333
2000,4.5,2,2000,32.0,41.0,1.2,141.21710399999998,1.6666666666666667
2100,5.0,4,1000,8.0,8.0,2.0,77.0847504,1.7777777777777777
2000,5.0,4,2000,32.0,13.0,5.0,275.62391999999994,1.7777777777777777
2000,5.0,4,1000,16.0,13.0,5.0,66.80507039999999,1.7777777777777777
2000,5.0,4,1000,4.0,8.0,2.0,122.0583504,1.7777777777777777
2180,3.1,2,2000,8.0,5.0,2.0,138.77568,1.0
2100,3.1,1,2000,16.0,8.0,2.0,127.19819039999999,1.0
4000,5.0,4,1000,4.0,8.0,0.3,198.012336,1.7777777777777777
1320,3.5,2,512,8.0,5.0,0.3,64.119504,1.7791666666666666
2370,4.6,2,1000,8.0,8.0,0.3,276.137904,1.7777777777777777
1350,2.6,1,384,0.16,3.2,0.3,71.379528,1.3333333333333333
2600,5.8,2,1000,8.0,8.0,1.9,89.9343504,1.7777777777777777
1300,3.8,2,512,8.0,5.0,0.3,64.2351504,1.6666666666666667
1650,4.3,2,1000,8.0,8.0,0.3,252.62313600000002,1.6666666666666667
2100,4.7,4,2000,32.0,13.0,1.3,128.4831504,1.6666666666666667
1650,4.3,2,1000,16.0,8.0,0.3,220.6533312,1.7777777777777777
1800,4.2,2,2000,16.0,8.0,2.0,70.6728,1.6666666666666667
4000,6.5,8,4000,64.0,16.0,16.0,115.63355039999999,2.2222222222222223
4000,6.6,8,4000,64.0,16.0,32.0,115.63355039999999,2.2222222222222223
3000,6.1,8,4000,64.0,13.0,8.0,89.9343504,2.1666666666666665
3500,6.2,4,2000,32.0,13.0,16.0,89.0862768,2.111111111111111
3000,5.71,8,3000,32.0,13.0,8.0,102.7839504,2.111111111111111
4000,6.26,4,2000,16.0,13.0,5.0,85.963824,2.111111111111111
3400,6.22,8,2000,16.0,13.0,5.0,89.9343504,2.111111111111111
4000,6.19,8,3000,32.0,13.0,16.0,80.93963040000001,2.0833333333333335
4000,5.99,8,4000,64.0,16.0,8.0,95.5110768,2.0
3300,6.0,4,4000,64.0,13.0,8.0,154.1823504,2.0555555555555554
3300,6.0,4,2000,32.0,13.0,5.0,122.0583504,2.0555555555555554
2600,5.0,4,1000,8.0,8.0,5.0,79.539024,1.7777777777777777
3200,5.45,4,2000,16.0,13.0,5.0,64.2351504,2.0
2500,5.47,4,2000,16.0,8.0,5.0,50.113440000000004,2.0
3050,5.45,4,2000,16.0,13.0,8.0,51.3855504,2.0
4000,5.99,4,3000,32.0,13.0,5.0,115.63355039999999,2.0
4000,5.45,4,2000,16.0,13.0,8.0,64.2351504,2.0
3020,5.45,4,2000,16.0,13.0,5.0,77.0847504,2.0
4070,5.5,8,4000,32.0,13.0,8.0,89.9343504,1.7777777777777777
3250,5.7,4,3000,16.0,13.0,8.0,73.3583664,2.0
2150,4.5,4,1000,8.0,5.0,2.0,60.0333312,1.7791666666666666
3050,5.65,4,3000,32.0,13.0,13.0,76.198128,2.0
3000,5.45,4,2000,16.0,13.0,8.0,54.482304,2.0
3300,5.5,8,3000,32.0,13.0,13.0,141.21710399999998,1.7777777777777777
2800,5.2,4,3000,32.0,13.0,5.0,53.955470399999996,1.7777777777777777
4000,5.5,4,3000,32.0,13.0,8.0,88.64939039999999,1.7777777777777777
4850,5.5,8,3000,32.0,13.0,5.0,68.74536,1.7777777777777777
3200,5.5,4,3000,32.0,8.0,5.0,54.3409584,1.7777777777777777
2900,5.7,4,3000,32.0,13.0,16.0,64.1323536,2.0
2800,4.5,4,1000,8.0,5.0,2.0,44.960750399999995,1.7791666666666666
4000,5.2,8,3000,32.0,13.0,8.0,115.6464,1.7777777777777777
2300,5.0,4,1000,8.0,5.0,5.0,43.675790400000004,1.7777777777777777
3000,5.0,4,1000,16.0,5.0,5.0,44.960750399999995,1.7777777777777777
5000,5.2,4,2000,16.0,13.0,5.0,91.2193104,1.7777777777777777
2900,5.5,4,2000,16.0,13.0,5.0,79.66752000000001,1.7777777777777777
2680,5.0,8,3000,32.0,13.0,13.0,95.07419039999999,1.7777777777777777
4020,5.2,4,3000,32.0,13.0,5.0,51.3855504,1.7777777777777777
3050,5.0,4,3000,16.0,13.0,5.0,56.525390400000006,1.7777777777777777
4000,5.5,8,4000,32.0,13.0,16.0,115.2095136,1.7777777777777777
2620,5.0,4,2000,16.0,8.0,5.0,114.618432,1.7777777777777777
3000,5.5,8,3000,32.0,13.0,16.0,141.3327504,1.7777777777777777
3100,5.5,8,3000,32.0,13.0,8.0,89.818704,1.7777777777777777
2730,5.2,4,3000,16.0,13.0,5.0,141.21710399999998,0.5625
2630,5.0,4,2000,16.0,8.0,8.0,88.66224,1.7777777777777777
3000,5.0,4,2000,16.0,13.0,5.0,105.36672,1.7777777777777777
5000,5.5,8,4000,32.0,13.0,8.0,160.6071504,1.7777777777777777
2500,5.0,4,3000,16.0,13.0,5.0,108.450624,1.7777777777777777
3050,5.5,4,2000,16.0,8.0,8.0,58.979664,1.5
2500,5.5,4,3000,16.0,8.0,8.0,76.96910399999999,1.7777777777777777
3130,5.5,8,4000,32.0,13.0,8.0,102.7839504,1.7777777777777777
1800,4.7,4,2000,16.0,8.0,5.0,62.950190400000004,1.7777777777777777
2550,5.0,8,3000,32.0,13.0,8.0,192.48700799999997,1.7777777777777777
2500,5.5,4,1000,8.0,8.0,5.0,50.9872128,1.7777777777777777
2300,4.5,4,2000,8.0,8.0,5.0,48.057504,0.5647058823529412
4000,5.0,4,2000,16.0,13.0,5.0,109.94117759999999,1.7777777777777777
2600,5.0,8,2000,16.0,13.0,5.0,51.3855504,1.7777777777777777
3500,5.5,8,3000,32.0,13.0,5.0,167.0319504,1.7777777777777777
2300,5.0,1,1000,8.0,8.0,5.0,69.195096,1.7777777777777777
3000,5.5,8,3000,32.0,13.0,5.0,189.788592,1.7777777777777777
2300,5.0,4,3000,16.0,13.0,5.0,89.9343504,1.7777777777777777
2500,5.0,4,2000,16.0,13.0,8.0,170.89968,1.7777777777777777
2400,5.0,4,2000,16.0,8.0,5.0,131.06592,1.7777777777777777
2500,5.0,8,2000,16.0,13.0,5.0,61.6652304,1.7777777777777777
2720,5.5,8,2000,16.0,13.0,5.0,167.0448,1.7777777777777777
2000,5.0,4,1000,8.0,5.0,5.0,89.9343504,1.7791666666666666
3500,5.5,8,2000,16.0,13.0,8.0,57.8232,1.7777777777777777
2200,5.0,4,2000,16.0,8.0,5.0,38.5359504,1.7777777777777777
2230,5.0,4,1000,8.0,8.0,2.0,102.7839504,1.7777777777777777
2500,5.0,8,1000,8.0,13.0,2.0,79.6546704,1.7777777777777777
2650,5.5,4,2000,32.0,8.0,5.0,51.3855504,1.7777777777777777
3000,6.0,4,1000,8.0,8.0,2.0,122.07119999999999,1.7777777777777777
2930,5.2,8,3000,32.0,20.7,5.0,448.643784,1.7777777777777777
3000,5.7,4,1000,16.0,13.0,5.0,77.0847504,1.7777777777777777
1400,4.0,4,1000,8.0,8.0,2.0,44.9736,1.6666666666666667
2000,4.7,4,1000,8.0,8.0,2.0,51.3855504,1.6666666666666667
2000,4.7,4,1000,8.0,8.0,2.0,77.0847504,1.7777777777777777
2200,5.0,4,1000,8.0,8.0,5.0,89.9472,1.7777777777777777
2840,5.2,8,2000,16.0,20.0,4.0,141.3456,1.7777777777777777
1700,4.7,4,2000,16.0,8.0,5.0,96.372,1.7777777777777777
1900,5.0,8,1000,8.0,8.0,8.0,100.22688000000001,1.7777777777777777
2800,5.0,2,2000,16.0,8.0,2.0,92.51712,1.7777777777777777
2100,4.5,2,1000,8.0,5.0,0.3,70.6599504,1.7791666666666666
2500,5.0,8,1000,8.0,8.0,3.0,109.2216,1.7777777777777777
1950,5.0,4,1000,8.0,5.0,2.0,53.32584000000001,1.7791666666666666
1800,4.7,4,1000,8.0,8.0,5.0,89.9472,1.7777777777777777
3000,5.0,4,1000,8.0,8.0,2.0,71.9449104,1.7777777777777777
2515,3.5,2,2000,16.0,8.0,2.0,178.5965904,1.0
4000,5.0,8,1000,8.0,8.0,2.0,57.8232,1.7791666666666666
5000,5.0,4,1000,8.0,8.0,2.0,44.845104,1.7777777777777777
2000,5.0,4,1000,16.0,8.0,2.0,77.0847504,1.7777777777777777
2050,4.8,8,1000,16.0,8.0,5.0,70.6599504,1.7777777777777777
2600,5.5,4,1000,8.0,13.0,5.0,282.562704,1.7777777777777777
2300,5.0,8,2000,32.0,13.0,5.0,224.85515039999999,1.7777777777777777
2400,5.0,4,1000,4.0,13.0,5.0,43.675790400000004,1.7777777777777777
2100,5.0,8,2000,16.0,13.0,5.0,75.6584448,1.7777777777777777
3000,5.5,4,1000,8.0,13.0,1.3,134.792304,1.7777777777777777
1900,5.0,8,1000,8.0,8.0,2.0,41.10587039999999,1.7777777777777777
2000,5.0,8,1000,4.0,8.0,2.0,102.7839504,1.7777777777777777
2540,5.0,4,1000,8.0,8.0,1.3,77.0847504,1.7777777777777777
1800,4.7,4,1000,8.0,8.0,2.0,57.758951999999994,1.7777777777777777
2500,5.3,4,1000,8.0,8.0,1.1,237.589104,1.7777777777777777
2000,4.7,4,1000,4.0,5.0,2.0,115.63355039999999,1.6666666666666667
1800,4.5,4,1000,4.0,8.0,2.0,46.6697472,1.7791666666666666
2500,5.0,2,1000,8.0,5.0,1.1,244.14239999999998,1.7777777777777777
2000,4.7,4,1000,4.0,8.0,0.3,64.761984,1.7777777777777777
2540,4.7,4,1000,8.0,8.0,0.3,42.3908304,1.7777777777777777
2000,5.0,8,2000,16.0,16.0,8.0,160.5429024,1.7777777777777777
4000,5.3,4,2000,16.0,8.0,1.5,240.9043008,1.7777777777777777
1800,4.69,4,1000,4.0,8.0,5.0,83.458152,1.7777777777777777
2300,6.0,8,2000,16.0,13.0,5.0,216.1045728,1.7777777777777777
4000,5.7,4,2000,16.0,13.0,5.0,233.06604480000001,1.7777777777777777
1700,4.3,4,512,4.0,5.0,0.3,96.2949024,1.6666666666666667
1430,4.0,2,1000,8.0,5.0,0.0,96.372,1.6666666666666667
2600,5.5,4,1000,8.0,13.0,2.0,186.75608640000002,1.7777777777777777
2000,5.0,4,2000,16.0,13.0,5.0,224.73950399999998,1.7777777777777777
3400,6.0,2,1000,8.0,5.0,0.3,127.98201599999999,1.7777777777777777
3140,5.5,2,1000,8.0,8.0,1.3,75.79979039999999,1.7777777777777777
2880,5.0,2,2000,16.0,8.0,2.0,106.65168000000001,1.7777777777777777
1800,4.3,4,1000,4.0,8.0,1.6,244.14239999999998,1.6666666666666667
2000,4.7,2,512,8.0,5.0,0.3,64.2351504,1.6666666666666667
2000,4.7,4,1000,4.0,8.0,2.0,181.8603888,1.7777777777777777
1800,4.7,4,1000,16.0,8.0,2.0,83.5095504,1.7777777777777777
2330,4.3,2,1000,8.0,16.0,1.9,205.465104,1.7142857142857142
1860,4.5,4,1000,8.0,8.0,1.6,289.116,1.7777777777777777
1200,2.8,1,289,3.0,2.0,0.0,40.990224,1.3333333333333333
2100,5.0,2,1000,8.0,8.0,2.0,115.63355039999999,1.6666666666666667
1200,3.0,1,64,0.128,3.2,0.0,64.2351504,1.3333333333333333
1300,3.7,1,256,8.0,5.0,0.0,64.119504,1.6666666666666667
1430,4.0,2,512,8.0,5.0,0.0,49.470960000000005,1.6666666666666667
1540,3.2,1,512,4.0,3.0,0.0,25.6863504,1.3333333333333333
1450,2.44,1,512,0.512,2.0,0.0,89.9343504,1.3333333333333333
4000,6.22,8,4000,64.0,13.0,16.0,89.9343504,2.111111111111111
3000,5.86,4,2000,16.0,13.0,5.0,57.8103504,2.111111111111111
3000,5.5,8,3000,32.0,13.0,13.0,66.80507039999999,1.7777777777777777
2900,6.0,4,3000,32.0,13.0,8.0,80.95248000000001,2.0
1400,4.0,4,1000,8.0,2.0,0.3,33.280464,1.6666666666666667
1400,4.0,4,1000,8.0,2.0,0.3,41.7612,1.6666666666666667
2000,5.0,4,2000,16.0,13.0,5.0,51.3855504,1.7777777777777777
3000,5.0,4,2000,16.0,8.0,5.0,44.960750399999995,1.7777777777777777
3000,5.0,4,1000,8.0,5.0,5.0,64.2351504,1.7777777777777777
2650,5.0,4,2000,16.0,13.0,5.0,59.0953104,1.7777777777777777
2100,5.0,4,1000,8.0,8.0,5.0,77.0976,1.7777777777777777
2000,5.0,1,1000,8.0,8.0,5.0,38.5359504,1.7791666666666666
2600,5.5,4,1000,8.0,10.0,5.0,34.681070399999996,1.7777777777777777
2250,5.0,4,2000,16.0,8.0,5.0,111.13619039999999,1.7777777777777777
2000,4.5,4,1000,8.0,5.0,5.0,41.10587039999999,1.7791666666666666
2000,5.0,8,2000,16.0,13.0,5.0,70.6599504,1.7777777777777777
3000,5.0,4,2000,16.0,13.0,5.0,57.1036224,1.7777777777777777
2000,4.5,4,512,4.0,5.0,0.3,34.681070399999996,1.7791666666666666
2000,5.0,4,1000,4.0,5.0,0.3,122.0583504,1.7791666666666666
1450,2.8,1,512,0.512,5.0,0.0,96.372,1.3333333333333333
2900,5.5,4,2000,16.0,5.0,3.2,42.3908304,1.7791666666666666
4500,6.7,8,8000,128.0,12.0,10.0,950.8575504,2.2222222222222223
5000,6.9,8,12000,128.0,108.0,40.0,1194.9999504,2.2222222222222223
5000,6.22,8,2000,32.0,13.0,8.0,83.5095504,2.111111111111111
4120,6.1,4,1000,16.0,8.0,5.0,62.0507184,2.1333333333333333
3300,6.7,8,8000,256.0,12.0,10.0,2248.551504,2.4407407407407407
4000,6.2,8,8000,128.0,12.0,10.0,860.9103504000001,2.2222222222222223
3200,5.7,8,2000,32.0,13.0,5.0,80.93963040000001,2.111111111111111
4000,6.2,4,2000,32.0,13.0,5.0,91.86179039999999,2.111111111111111
6000,6.35,8,4000,64.0,13.0,13.0,109.2087504,2.15
5000,6.53,8,4000,128.0,16.0,16.0,179.76590399999998,2.1666666666666665
2500,5.0,4,1000,16.0,5.0,2.0,50.1005904,1.7791666666666666
4000,6.55,8,4000,64.0,16.0,8.0,127.98201599999999,2.2222222222222223
3950,6.09,8,2000,16.0,13.0,5.0,86.0152224,2.1666666666666665
3700,6.3,8,6000,64.0,16.0,8.0,1078.0814400000002,2.111111111111111
2800,5.7,8,6000,64.0,16.0,8.0,893.0472,2.111111111111111
4050,6.22,8,4000,64.0,13.0,16.0,141.3327504,2.111111111111111
4500,6.7,8,6000,128.0,64.0,32.0,334.0767504,2.2222222222222223
4000,6.5,8,3000,32.0,13.0,8.0,141.3327504,2.1666666666666665
4000,6.53,8,8000,128.0,48.0,16.0,268.55664,2.1666666666666665
4000,6.4,8,4000,64.0,25.0,16.0,179.637408,2.1666666666666665
3500,6.22,8,3000,32.0,13.0,8.0,104.0689104,2.111111111111111
3300,6.22,8,3000,32.0,12.0,8.0,102.7839504,2.111111111111111
4000,6.2,8,2000,32.0,13.0,8.0,109.2087504,2.111111111111111
4500,6.53,8,8000,128.0,40.0,32.0,993.2612303999999,2.0408163265306123
3500,6.3,8,8000,256.0,12.0,10.0,899.4591504,2.111111111111111
3500,6.4,8,6000,128.0,16.0,32.0,167.0319504,2.1666666666666665
4050,6.22,8,4000,64.0,13.0,16.0,160.36300799999998,2.111111111111111
5000,6.35,8,3000,64.0,8.0,8.0,122.71368000000001,2.1444444444444444
2400,5.45,8,2000,16.0,8.0,5.0,57.180719999999994,2.0
4000,6.59,8,4000,128.0,16.0,16.0,185.67672,2.1666666666666665
3700,6.7,8,8000,128.0,48.0,0.0,462.45710399999996,2.2222222222222223
3765,6.4,8,8000,128.0,48.0,16.0,346.810704,2.1666666666666665
2600,5.0,8,1000,16.0,5.0,5.0,67.974384,1.7777777777777777
4000,6.4,8,3000,32.0,13.0,8.0,127.21104,2.1666666666666665
4030,6.22,8,2000,16.0,13.0,5.0,87.3644304,2.111111111111111
4000,5.5,8,4000,64.0,13.0,8.0,83.36820479999999,1.7777777777777777
2250,4.0,4,1000,8.0,2.0,2.0,44.960750399999995,2.0
4380,7.3,8,12000,512.0,16.0,10.0,2120.1711504,1.4010416666666667
3000,5.45,4,2000,16.0,13.0,5.0,57.6690048,2.0
3050,5.5,4,3000,32.0,13.0,8.0,75.79979039999999,2.0
3050,5.5,4,2000,32.0,13.0,8.0,66.80507039999999,2.0
3000,5.71,8,3000,32.0,8.0,5.0,59.7377904,2.111111111111111
4030,6.22,8,2000,32.0,13.0,8.0,107.2813104,2.111111111111111
2400,5.45,4,1000,8.0,5.0,2.0,48.1988496,2.0
3400,6.28,8,6000,128.0,20.0,20.0,183.7364304,2.111111111111111
5000,6.18,8,4000,64.0,16.0,12.0,102.7839504,2.0796296296296295
3000,5.45,4,1000,16.0,8.0,5.0,51.3855504,2.0
4000,6.19,8,2000,32.0,13.0,8.0,75.79979039999999,2.0833333333333335
2100,4.95,4,1000,16.0,5.0,5.0,48.699984,2.0
2500,5.0,8,1000,8.0,5.0,5.0,43.68864000000001,1.7791666666666666
3300,5.7,8,3000,32.0,13.0,8.0,115.63355039999999,2.0
3000,5.45,4,2000,16.0,13.0,8.0,45.4747344,2.0
5000,6.2,8,3000,32.0,12.0,8.0,139.675152,2.111111111111111
3000,6.2,8,4000,64.0,12.0,8.0,115.14526559999999,2.1018518518518516
4000,5.45,4,1000,8.0,5.0,2.0,51.269904000000004,2.0
4030,6.22,8,4000,64.0,13.0,20.0,134.9079504,2.111111111111111
3000,5.7,4,2000,16.0,13.0,13.0,89.9343504,2.0
4030,6.2,8,3000,64.0,13.0,8.0,127.85352,2.1944444444444446
5000,5.45,4,1000,16.0,5.0,5.0,60.38027039999999,2.0
2000,5.0,4,1000,8.0,5.0,2.0,39.8209104,1.7791666666666666
4000,6.19,8,4000,64.0,13.0,8.0,109.093104,2.0833333333333335
4000,6.19,8,3000,32.0,13.0,8.0,89.818704,2.0833333333333335
3000,5.7,4,3000,32.0,13.0,5.0,115.63355039999999,2.0
4000,5.72,8,8000,64.0,12.0,8.0,706.599504,1.7777777777777777
2800,5.67,4,2000,16.0,13.0,5.0,57.694704,2.0805555555555557
3000,6.18,8,4000,64.0,16.0,16.0,114.34859039999999,2.0796296296296295
2400,5.0,4,2000,16.0,8.0,8.0,89.9343504,1.7777777777777777
2000,4.95,4,1000,8.0,5.0,5.0,38.5359504,2.0
3315,6.3,8,6000,64.0,16.0,25.0,182.8369584,2.1666666666666665
3000,5.9,8,4000,64.0,13.0,8.0,121.94270399999999,2.0
3600,6.0,8,4000,64.0,16.0,13.0,166.916304,2.0
4000,5.45,4,2000,16.0,13.0,5.0,51.3855504,2.0
3300,5.5,8,3000,32.0,16.0,8.0,62.192063999999995,2.0
3500,5.5,8,3000,32.0,13.0,8.0,62.96304000000001,2.0
3000,5.5,8,2000,16.0,13.0,8.0,48.1731504,2.0
2500,5.0,4,1000,16.0,5.0,5.0,62.834544,1.5
2400,5.0,4,2000,16.0,5.0,2.0,55.89576,2.0
2700,5.45,4,1000,8.0,5.0,5.0,64.2351504,2.0
3700,6.28,8,6000,64.0,16.0,24.0,267.27168,1.1808510638297873
3260,6.22,8,4000,64.0,13.0,8.0,179.25192,2.111111111111111
3050,5.5,4,2000,16.0,13.0,13.0,75.79979039999999,2.0
3050,5.5,4,2000,16.0,13.0,8.0,59.0953104,2.0
3500,6.4,8,8000,128.0,16.0,25.0,231.164304,2.111111111111111
3010,6.0,8,6000,64.0,12.0,20.0,250.438704,2.0
4000,5.99,8,4000,64.0,13.0,16.0,179.8815504,2.0
3500,6.0,8,4000,64.0,16.0,16.0,256.863504,2.0555555555555554
4000,6.0,4,3000,32.0,13.0,13.0,115.51790399999999,2.0
3285,6.0,4,2000,16.0,8.0,5.0,96.372,2.0
4000,6.2,8,3000,32.0,12.0,8.0,167.0319504,2.0833333333333335
3000,5.34,4,1000,8.0,5.0,5.0,44.960750399999995,2.0
2000,4.95,4,1000,8.0,5.0,2.0,44.33112,2.0
4230,6.2,8,2000,16.0,13.0,8.0,95.72952000000001,2.111111111111111
4230,6.2,8,4000,32.0,13.0,8.0,115.51790399999999,2.111111111111111
3225,6.0,8,4000,32.0,16.0,24.0,102.71970239999999,2.0
3000,5.6,8,4000,64.0,13.0,8.0,226.15296,2.0555555555555554
2000,5.0,4,1000,8.0,5.0,2.0,44.960750399999995,2.0
3260,6.22,8,3000,32.0,13.0,5.0,125.797584,2.111111111111111
2400,5.0,4,1000,16.0,5.0,5.0,50.1005904,1.7777777777777777
3000,5.7,4,2000,16.0,13.0,5.0,101.51183999999999,2.0
2500,5.0,4,1000,16.0,8.0,5.0,83.5095504,2.0
2800,5.0,4,1000,8.0,5.0,5.0,38.5359504,1.7791666666666666
3300,6.2,8,4000,64.0,16.0,5.0,218.43035039999998,2.0
3300,6.2,8,3000,32.0,16.0,5.0,192.7311504,2.0
4000,5.45,4,2000,16.0,13.0,8.0,68.10288,2.0
2990,5.2,8,2000,16.0,13.0,8.0,77.0205024,2.0
2800,5.0,4,1000,16.0,13.0,5.0,59.0953104,1.7777777777777777
3260,6.22,8,4000,32.0,13.0,8.0,133.6229904,2.111111111111111
3500,4.5,8,4000,64.0,12.0,8.0,256.9149024,1.5
3000,5.0,4,2000,16.0,8.0,13.0,55.176182399999995,1.7777777777777777
2000,4.5,4,1000,8.0,5.0,5.0,48.687134400000005,1.7791666666666666
4000,5.45,4,3000,32.0,13.0,8.0,55.2404304,2.0
3000,5.5,8,4000,64.0,16.0,5.0,152.2549104,2.0
3000,5.5,8,3000,32.0,13.0,8.0,114.0402,2.0
3500,6.0,8,6000,64.0,12.0,8.0,963.591504,2.0
3060,5.8,8,4000,32.0,16.0,16.0,89.9343504,2.111111111111111
4000,5.99,4,3000,32.0,13.0,13.0,56.2555488,2.0
3000,5.5,4,2000,16.0,13.0,5.0,88.9706304,1.7777777777777777
2900,5.2,4,2000,16.0,8.0,8.0,89.9343504,1.7777777777777777
2800,5.2,4,3000,32.0,13.0,5.0,64.2351504,1.7777777777777777
2300,5.0,4,1000,16.0,8.0,5.0,47.22228,1.7777777777777777
3000,6.1,8,4000,64.0,16.0,8.0,462.57275039999996,2.1666666666666665
3000,5.6,8,4000,32.0,16.0,16.0,167.0319504,2.0555555555555554
2600,5.0,4,2000,16.0,8.0,5.0,87.3644304,1.7777777777777777
2500,5.0,4,2000,16.0,8.0,5.0,99.01901760000001,1.7777777777777777
3260,6.3,8,4000,32.0,16.0,16.0,115.51790399999999,2.111111111111111
4000,5.7,4,2000,16.0,13.0,5.0,102.15432,2.0
3360,6.0,4,3000,16.0,13.0,5.0,109.2216,2.0
2500,5.0,4,2000,16.0,8.0,5.0,58.979664,1.7777777777777777
3000,5.5,8,4000,32.0,13.0,8.0,136.719744,1.7777777777777777
3000,5.7,8,2000,32.0,13.0,8.0,89.9343504,2.0
3000,5.7,4,2000,16.0,13.0,8.0,102.7839504,2.0
3180,5.7,8,2000,16.0,13.0,8.0,121.94270399999999,2.0
2500,5.0,4,2000,16.0,8.0,5.0,80.93963040000001,1.7777777777777777
3300,5.5,8,3000,32.0,13.0,13.0,134.92079999999999,1.7777777777777777
2500,5.0,4,2000,16.0,8.0,5.0,51.3855504,1.7777777777777777
2400,5.45,4,2000,16.0,8.0,8.0,49.984944,2.0
2400,5.45,4,1000,8.0,5.0,5.0,84.80736,2.0
3200,5.93,8,4000,64.0,12.0,8.0,165.75984,2.0
2000,4.5,4,1000,8.0,5.0,5.0,58.337184,1.7791666666666666
3180,5.7,8,4000,64.0,19.0,5.0,743.99184,2.0
1500,2.45,2,512,4.0,2.0,0.0,38.5359504,1.3333333333333333
3000,6.0,4,3000,32.0,16.0,8.0,141.3327504,2.0
3000,5.7,4,3000,32.0,13.0,5.0,128.4831504,2.0
4500,5.2,8,4000,64.0,16.0,8.0,872.48784,1.7777777777777777
4000,5.5,4,2000,16.0,13.0,8.0,105.7008096,1.7777777777777777
2700,5.0,4,3000,32.0,16.0,8.0,93.1467504,1.7777777777777777
3900,5.0,4,1000,16.0,8.0,5.0,77.0847504,1.7777777777777777
3050,5.0,4,2000,32.0,13.0,8.0,69.3749904,1.7777777777777777
2500,5.0,4,1000,16.0,8.0,8.0,46.2457104,1.7777777777777777
2200,5.0,4,1000,8.0,5.0,2.0,48.815630399999996,1.7777777777777777
2200,5.0,4,1000,16.0,8.0,5.0,57.8103504,1.7777777777777777
2400,5.0,4,1000,8.0,5.0,5.0,50.1005904,1.7777777777777777
3000,5.2,8,3000,16.0,13.0,5.0,102.7839504,1.7777777777777777
2500,5.0,4,2000,16.0,8.0,5.0,109.093104,1.7777777777777777
2350,5.0,4,1000,16.0,5.0,2.0,48.815630399999996,1.7791666666666666
3930,6.0,8,4000,64.0,12.0,5.0,256.9791504,2.0
3000,5.5,4,3000,32.0,13.0,13.0,61.6652304,1.7777777777777777
3000,5.45,4,3000,32.0,13.0,8.0,64.2351504,2.0
3300,5.5,4,3000,32.0,13.0,8.0,941.87568,1.7777777777777777
3580,6.0,8,4000,32.0,23.0,16.0,952.9777344,1.7777777777777777
5000,5.2,4,2000,16.0,8.0,5.0,57.437712,1.7777777777777777
3100,5.2,4,4000,32.0,13.0,16.0,80.823984,1.7777777777777777
2600,5.0,4,1000,8.0,8.0,5.0,41.10587039999999,1.7777777777777777
1800,4.0,4,512,4.0,3.2,2.0,38.5359504,1.6666666666666667
2200,5.0,4,1000,16.0,8.0,5.0,53.839824,1.7791666666666666
1700,4.0,4,1000,8.0,2.0,0.3,48.1731504,1.6666666666666667
2300,4.0,4,1000,8.0,5.0,2.0,32.76648,1.6666666666666667
2500,5.0,4,3000,32.0,13.0,5.0,70.544304,1.7777777777777777
4000,5.0,4,3000,32.0,13.0,8.0,86.4649584,1.7777777777777777
1600,4.0,4,1000,8.0,5.0,2.0,30.068064,1.6666666666666667
3000,5.7,8,4000,64.0,20.0,16.0,89.9343504,2.0
2600,5.0,4,3000,32.0,13.0,5.0,51.3855504,1.7777777777777777
5000,5.2,4,1000,16.0,5.0,5.0,61.549584,1.7777777777777777
2400,5.0,4,2000,16.0,8.0,8.0,68.03863199999999,1.7777777777777777
2670,5.45,8,2000,16.0,8.0,5.0,51.3855504,2.0
2500,5.0,4,1000,16.0,8.0,5.0,102.66830399999999,1.7777777777777777
4350,5.98,8,6000,64.0,12.0,16.0,167.0319504,1.7777777777777777
2500,5.0,4,2000,16.0,8.0,5.0,63.862512,1.7777777777777777
2700,5.2,4,1000,8.0,8.0,5.0,57.758951999999994,1.7791666666666666
2300,5.0,4,1000,8.0,2.0,2.0,38.5359504,1.7791666666666666
2300,5.0,4,1000,8.0,5.0,2.0,48.82848,1.7791666666666666
1500,4.0,4,1000,8.0,3.2,2.0,31.481520000000003,1.6666666666666667
3500,5.5,8,3000,32.0,13.0,8.0,62.834544,1.7777777777777777
2300,5.0,4,1000,8.0,5.0,2.0,51.3855504,1.7791666666666666
2500,5.0,4,2000,16.0,13.0,5.0,115.51790399999999,1.7777777777777777
2700,5.0,4,1000,16.0,8.0,5.0,62.96304000000001,1.7791666666666666
5000,5.2,4,3000,32.0,13.0,5.0,76.262376,1.7777777777777777
3080,5.5,4,2000,16.0,13.0,5.0,77.0847504,1.7777777777777777
4000,5.5,4,3000,32.0,12.0,8.0,192.615504,1.7916666666666667
2300,5.0,4,1000,8.0,5.0,8.0,42.1723872,1.7791666666666666
1500,4.0,4,1000,8.0,3.2,2.0,41.10587039999999,1.6666666666666667
2620,5.2,8,3000,32.0,13.0,8.0,122.07119999999999,1.7777777777777777
2620,5.2,8,2000,16.0,13.0,8.0,128.367504,1.7777777777777777
4000,5.0,4,2000,16.0,13.0,8.0,96.24350399999999,1.7777777777777777
1300,4.0,4,512,4.0,2.0,0.3,29.5412304,1.6666666666666667
4100,5.0,4,1000,8.0,8.0,5.0,89.9343504,1.7777777777777777
2000,5.0,4,2000,16.0,8.0,5.0,51.012912,1.7777777777777777
2500,5.0,4,1000,8.0,5.0,8.0,77.0847504,1.7777777777777777
3000,5.0,4,2000,16.0,8.0,13.0,96.35915039999999,1.7777777777777777
3000,5.0,4,3000,16.0,13.0,13.0,109.2087504,1.7777777777777777
2000,4.7,4,1000,8.0,5.0,2.0,77.0976,1.7777777777777777
2500,5.0,4,3000,32.0,13.0,8.0,56.525390400000006,1.7777777777777777
4000,5.5,8,4000,32.0,12.0,8.0,385.4751504,1.7777777777777777
2750,5.2,4,3000,32.0,8.0,8.0,128.4831504,1.7777777777777777
2500,5.0,4,3000,16.0,8.0,5.0,60.71436,1.7777777777777777
2500,5.0,4,2000,16.0,8.0,5.0,67.83303839999999,1.7777777777777777
4000,5.0,4,2000,16.0,8.0,8.0,53.955470399999996,1.7777777777777777
2500,5.0,4,2000,16.0,8.0,5.0,55.5231216,1.7791666666666666
2200,5.0,4,2000,16.0,5.0,2.0,48.815630399999996,1.7791666666666666
3000,5.0,4,2000,16.0,8.0,5.0,73.22987040000001,1.7777777777777777
4000,5.5,8,3000,32.0,13.0,16.0,89.9343504,1.7777777777777777
2300,5.2,4,1000,8.0,8.0,5.0,44.845104,1.7791666666666666
2400,5.0,4,1000,8.0,5.0,5.0,49.984944,3.558333333333333
2700,5.0,4,3000,16.0,8.0,8.0,69.516336,1.7777777777777777
2300,5.0,4,1000,8.0,5.0,5.0,42.3908304,1.7791666666666666
1750,4.0,4,1000,8.0,5.0,2.0,37.90632,1.6666666666666667
4000,5.2,4,3000,16.0,13.0,16.0,73.22987040000001,1.7777777777777777
2500,5.0,4,1000,8.0,5.0,5.0,44.716607999999994,1.7777777777777777
2000,4.5,1,1000,8.0,5.0,5.0,42.275184,1.7791666666666666
5000,5.5,8,3000,32.0,13.0,13.0,89.9343504,1.7777777777777777
4000,5.0,4,3000,32.0,13.0,5.0,75.6969936,1.7777777777777777
3930,5.5,8,4000,64.0,16.0,8.0,179.8815504,1.7777777777777777
2800,5.5,4,2000,16.0,8.0,5.0,61.6652304,1.7777777777777777
3000,5.2,8,4000,64.0,13.0,8.0,79.603272,1.7777777777777777
4000,5.5,8,2000,16.0,13.0,5.0,64.2351504,1.7777777777777777
4000,5.2,8,3000,32.0,13.0,8.0,90.461184,1.7777777777777777
2210,5.0,4,1000,16.0,8.0,5.0,84.8587584,1.7791666666666666
3000,5.2,8,2000,16.0,13.0,5.0,109.093104,1.7777777777777777
3000,5.2,4,3000,32.0,13.0,8.0,63.60552,1.7777777777777777
3000,5.2,4,2000,16.0,8.0,8.0,48.699984,1.7777777777777777
4000,5.5,8,3000,32.0,16.0,8.0,115.63355039999999,1.7777777777777777
4000,4.7,4,2000,16.0,8.0,2.0,359.660304,1.7777777777777777
5000,5.0,8,3000,32.0,13.0,8.0,578.1035039999999,1.7777777777777777
3430,5.5,8,3000,32.0,23.0,8.0,205.465104,1.7777777777777777
2800,5.5,4,2000,16.0,8.0,5.0,56.409743999999996,1.7777777777777777
3000,5.5,4,2000,16.0,13.0,5.0,82.8670704,1.7777777777777777
2400,5.0,4,1000,16.0,8.0,5.0,66.80507039999999,1.7791666666666666
2500,5.0,4,1000,8.0,8.0,5.0,46.2457104,1.7791666666666666
2300,4.0,4,1000,8.0,5.0,2.0,32.1111504,1.6666666666666667
1800,4.0,4,512,4.0,5.0,2.0,33.396110400000005,1.6666666666666667
2500,5.0,4,1000,16.0,5.0,5.0,64.2351504,1.7791666666666666
3000,5.5,8,3000,32.0,13.0,16.0,122.07119999999999,1.7777777777777777
2000,4.5,4,2000,16.0,8.0,5.0,37.26384,1.7791666666666666
2500,4.0,4,512,4.0,5.0,2.0,32.1111504,1.7791666666666666
4000,5.5,8,3000,16.0,12.0,16.0,179.8944,1.7777777777777777
2000,5.0,4,2000,16.0,8.0,5.0,96.35915039999999,1.7777777777777777
2000,5.0,4,2000,32.0,8.0,5.0,51.3855504,1.7777777777777777
2200,5.0,4,2000,16.0,13.0,8.0,83.5095504,1.7777777777777777
2400,5.0,4,1000,8.0,5.0,2.0,50.755919999999996,1.7791666666666666
3000,5.0,4,2000,16.0,8.0,8.0,63.9653088,1.7777777777777777
2700,5.0,4,1000,32.0,8.0,5.0,64.183752,1.7777777777777777
2700,5.2,4,2000,32.0,13.0,8.0,70.6599504,1.7777777777777777
5000,5.2,4,3000,32.0,13.0,8.0,111.3546336,1.7777777777777777
3000,5.5,8,3000,32.0,13.0,5.0,57.8103504,1.7777777777777777
3300,5.5,1,4000,64.0,12.0,8.0,83.5095504,1.7777777777777777
2500,5.0,4,1000,8.0,8.0,5.0,44.960750399999995,1.7791666666666666
2200,5.0,4,1000,16.0,8.0,5.0,64.119504,1.7777777777777777
3000,5.5,8,4000,64.0,16.0,20.0,89.92150079999999,1.7777777777777777
5000,5.0,4,1000,8.0,5.0,2.0,49.856448,1.7791666666666666
4000,5.2,8,3000,16.0,13.0,8.0,76.262376,1.7777777777777777
4000,5.3,8,3000,32.0,13.0,20.0,64.2351504,1.7777777777777777
2300,4.0,4,1000,8.0,2.0,0.3,35.3877984,1.6666666666666667
3000,5.0,4,2000,16.0,8.0,5.0,46.2457104,1.7777777777777777
3000,5.2,4,3000,32.0,13.0,13.0,51.3855504,1.7777777777777777
2500,5.0,4,2000,16.0,8.0,5.0,59.236655999999996,1.7777777777777777
3300,6.0,4,2000,16.0,8.0,5.0,75.79979039999999,1.7777777777777777
4000,5.5,4,3000,16.0,13.0,5.0,96.35915039999999,1.7777777777777777
4300,5.7,4,3000,32.0,13.0,8.0,115.63355039999999,1.7777777777777777
3000,5.2,4,3000,32.0,13.0,8.0,62.898792,1.7777777777777777
3000,5.2,8,4000,64.0,12.0,16.0,359.7888,1.7777777777777777
2500,5.0,4,2000,16.0,13.0,5.0,57.8103504,1.7777777777777777
2000,4.5,4,1000,8.0,5.0,2.0,46.130064,1.7791666666666666
3000,5.5,8,2000,16.0,13.0,5.0,141.21710399999998,1.7777777777777777
4000,5.0,4,2000,16.0,8.0,8.0,69.901824,1.7777777777777777
3000,5.0,4,2000,16.0,8.0,5.0,42.275184,1.7777777777777777
2000,4.5,4,1000,8.0,5.0,5.0,44.33112,1.7791666666666666
2000,5.0,4,1000,8.0,5.0,2.0,52.6705104,1.7791666666666666
2500,5.0,4,2000,16.0,8.0,5.0,47.415024,1.7777777777777777
3000,5.5,1,2000,16.0,8.0,5.0,62.6931984,1.7777777777777777
3000,5.5,4,4000,32.0,16.0,12.0,82.8670704,1.7777777777777777
2500,5.0,4,2000,16.0,8.0,5.0,88.50804480000001,1.7777777777777777
3000,5.5,8,4000,64.0,13.0,5.0,128.4831504,2.0
2450,5.0,4,2000,16.0,8.0,5.0,51.141408,1.7777777777777777
3000,5.5,8,3000,32.0,13.0,5.0,115.63355039999999,1.7777777777777777
3300,5.7,8,4000,32.0,13.0,13.0,141.9366816,1.7777777777777777
3600,5.5,8,3000,64.0,13.0,13.0,217.15824,1.7777777777777777
2800,5.5,8,3000,16.0,13.0,5.0,64.119504,1.7777777777777777
4000,5.5,4,3000,16.0,13.0,5.0,74.92601760000001,1.7777777777777777
2500,5.0,4,1000,8.0,5.0,5.0,44.960750399999995,1.7791666666666666
2000,4.5,4,1000,8.0,5.0,5.0,62.96304000000001,1.6666666666666667
4000,5.0,4,1000,8.0,5.0,5.0,43.675790400000004,1.7777777777777777
2000,4.5,4,1000,8.0,5.0,2.0,49.599455999999996,1.7791666666666666
2400,5.0,4,2000,16.0,5.0,5.0,83.5994976,1.7791666666666666
4000,5.0,4,2000,16.0,8.0,2.0,79.539024,1.7777777777777777
1050,4.5,4,1000,8.0,5.0,5.0,61.549584,1.6666666666666667
4000,5.0,4,2000,16.0,8.0,2.0,83.5095504,1.7777777777777777
4000,5.0,4,3000,16.0,13.0,5.0,102.7839504,1.7777777777777777
2150,5.0,4,1000,8.0,8.0,5.0,81.2865696,1.7777777777777777
2100,5.0,4,2000,16.0,13.0,5.0,96.24350399999999,1.7777777777777777
3000,5.5,4,2000,16.0,13.0,5.0,78.51105600000001,1.7777777777777777
4000,5.0,4,1000,8.0,5.0,5.0,56.525390400000006,1.7777777777777777
2000,5.0,4,768,8.0,5.0,2.0,38.5359504,1.7791666666666666
1750,4.0,4,1000,8.0,5.0,2.0,59.4294,1.6666666666666667
2100,5.0,4,1000,16.0,5.0,2.0,43.5472944,1.7791666666666666
2450,5.0,4,2000,16.0,8.0,5.0,38.5359504,1.7791666666666666
2500,5.0,4,1000,16.0,5.0,5.0,71.9449104,1.7777777777777777
5000,5.5,4,3000,32.0,13.0,5.0,128.4831504,1.7777777777777777
3000,5.0,4,1000,16.0,5.0,5.0,44.960750399999995,1.7791666666666666
1450,4.0,4,1000,16.0,0.0,0.0,62.808844799999996,1.6666666666666667
2100,4.5,4,1000,8.0,5.0,2.0,70.6599504,1.7791666666666666
4000,5.5,4,3000,32.0,13.0,8.0,87.2359344,1.7777777777777777
3050,5.0,4,3000,16.0,8.0,8.0,128.4060528,1.7777777777777777
4000,5.5,4,2000,16.0,13.0,8.0,85.1799984,1.7777777777777777
3050,5.0,4,2000,16.0,8.0,8.0,91.7718432,1.7777777777777777
3000,5.0,4,1000,8.0,5.0,2.0,71.9449104,1.7791666666666666
2350,5.0,4,1000,8.0,5.0,2.0,70.6599504,1.7791666666666666
2800,5.0,4,2000,16.0,8.0,5.0,109.2087504,1.7777777777777777
4000,5.5,8,3000,32.0,13.0,5.0,63.734016000000004,1.7777777777777777
2500,5.5,4,3000,16.0,8.0,5.0,51.141408,1.7777777777777777
2000,5.0,4,1000,8.0,5.0,2.0,52.747608,1.7791666666666666
2450,5.0,4,1000,8.0,5.0,2.0,47.5306704,1.7791666666666666
2200,5.0,4,2000,16.0,8.0,8.0,78.38256,1.7777777777777777
2000,4.5,4,1000,8.0,5.0,3.2,50.113440000000004,1.7791666666666666
1300,4.0,4,512,4.0,2.0,0.3,30.312206399999997,1.6666666666666667
2000,4.0,4,512,4.0,5.0,1.3,25.6863504,1.6666666666666667
2400,5.0,4,1000,8.0,5.0,2.0,62.706048,1.7791666666666666
4000,5.5,4,3000,32.0,13.0,5.0,76.198128,1.7777777777777777
3000,5.2,8,4000,32.0,16.0,8.0,147.75755039999999,1.7777777777777777
1450,4.0,4,512,4.0,5.0,1.3,50.563176,1.6666666666666667
1800,4.5,4,1000,8.0,5.0,2.0,64.2351504,1.7791666666666666
2000,5.0,4,1000,8.0,5.0,2.0,61.549584,1.7777777777777777
5000,5.5,8,4000,64.0,13.0,16.0,116.27603040000001,1.7777777777777777
3000,5.5,8,3000,64.0,13.0,16.0,92.003136,1.7777777777777777
2000,5.0,4,1000,8.0,5.0,2.0,72.8315328,1.7791666666666666
2600,5.0,4,1000,8.0,5.0,2.0,51.3855504,1.7791666666666666
2000,4.5,4,1000,8.0,5.0,2.0,82.87992,1.7791666666666666
4070,5.5,4,4000,32.0,16.0,8.0,141.21710399999998,1.7777777777777777
3000,5.0,4,1000,8.0,5.0,5.0,50.113440000000004,1.7777777777777777
2500,5.0,4,3000,32.0,13.0,8.0,56.53824,1.7777777777777777
2000,5.0,4,1000,8.0,5.0,2.0,47.415024,1.7791666666666666
3000,5.5,4,2000,16.0,8.0,5.0,77.0847504,1.7777777777777777
2800,5.0,8,2000,16.0,13.0,5.0,66.81792,1.7777777777777777
2800,5.2,8,3000,16.0,13.0,5.0,193.0780896,1.7777777777777777
2300,5.0,8,3000,32.0,23.0,8.0,102.71970239999999,1.7777777777777777
2500,5.0,4,2000,16.0,8.0,5.0,77.0847504,1.7777777777777777
3000,5.2,8,2000,16.0,13.0,8.0,115.63355039999999,1.7777777777777777
1800,4.0,4,1000,16.0,5.0,1.3,34.565424,1.7791666666666666
2600,5.0,4,2000,16.0,13.0,5.0,64.2351504,1.7777777777777777
2000,5.0,4,1000,8.0,5.0,2.0,56.53824,1.7791666666666666
1500,4.0,4,512,4.0,2.0,0.3,52.619112,1.7777777777777777
2000,4.7,4,1000,8.0,5.0,5.0,52.04088,1.7777777777777777
4000,5.5,4,2000,16.0,8.0,5.0,57.8103504,1.7777777777777777
2500,5.0,4,2000,8.0,8.0,5.0,71.9449104,1.7777777777777777
2500,5.0,4,1000,8.0,8.0,5.0,79.6546704,1.7777777777777777
2000,5.0,1,1000,8.0,5.0,2.0,57.8103504,1.7777777777777777
4000,5.0,1,1000,8.0,8.0,2.0,51.3855504,1.7777777777777777
2600,5.0,1,1000,8.0,8.0,5.0,76.96910399999999,1.7777777777777777
2500,5.0,4,1000,8.0,5.0,2.0,38.5359504,1.7791666666666666
2500,5.0,4,2000,16.0,8.0,5.0,78.3697104,1.7777777777777777
3000,5.5,8,2000,16.0,13.0,5.0,89.9472,1.7777777777777777
3000,5.2,8,3000,32.0,16.0,5.0,97.6441104,1.7777777777777777
2800,5.5,4,1000,8.0,5.0,3.2,75.81264,1.7777777777777777
2250,5.0,4,2000,16.0,8.0,5.0,78.3697104,1.7777777777777777
3200,5.7,8,3000,16.0,13.0,8.0,89.9343504,1.7777777777777777
2500,5.0,4,2000,16.0,13.0,5.0,95.72952000000001,1.7777777777777777
3100,5.5,4,4000,64.0,13.0,8.0,374.2317504,1.7777777777777777
2700,5.5,4,1000,8.0,8.0,5.0,50.1005904,1.7777777777777777
1850,4.5,4,1000,8.0,5.0,5.0,71.9449104,1.6666666666666667
3000,5.5,8,4000,32.0,13.0,8.0,167.0319504,1.7777777777777777
2600,5.3,4,2000,16.0,13.0,5.0,102.79679999999999,1.7777777777777777
2000,4.0,4,1000,8.0,5.0,1.3,51.3855504,1.6666666666666667
2300,5.0,4,2000,16.0,8.0,5.0,96.35915039999999,1.7777777777777777
1800,4.5,4,1000,8.0,5.0,2.0,63.60552,1.7791666666666666
1600,4.0,4,1000,8.0,5.0,2.0,57.8103504,1.6666666666666667
4000,5.5,8,3000,16.0,13.0,5.0,70.544304,1.7777777777777777
2800,5.5,8,2000,16.0,13.0,5.0,71.31527999999999,1.7777777777777777
2800,5.5,4,2000,32.0,8.0,5.0,64.2351504,1.7777777777777777
3400,5.7,8,4000,64.0,12.0,5.0,354.64896,1.7777777777777777
3000,5.5,8,3000,32.0,13.0,5.0,179.76590399999998,1.7777777777777777
3200,5.5,8,3000,32.0,16.0,8.0,142.63055999999997,1.7777777777777777
2250,5.0,4,1000,8.0,8.0,5.0,65.52011040000001,1.7777777777777777
2000,5.0,4,1000,16.0,8.0,2.0,89.92150079999999,1.7777777777777777
2300,5.5,4,2000,16.0,8.0,5.0,59.0824608,1.7777777777777777
3050,5.5,8,3000,32.0,16.0,8.0,96.35915039999999,1.7777777777777777
2000,4.5,4,1000,8.0,8.0,5.0,44.960750399999995,1.7791666666666666
4000,5.9,8,4000,64.0,20.0,8.0,693.6599568,1.7777777777777777
4350,5.0,4,1000,8.0,0.0,0.0,44.960750399999995,1.7777777777777777
2900,5.5,4,1000,8.0,5.0,3.2,48.0446544,1.7791666666666666
2500,5.0,4,1000,8.0,5.0,2.0,64.2351504,1.7791666666666666
3300,5.5,8,3000,16.0,13.0,8.0,143.91552000000001,1.7777777777777777
2350,5.0,4,1000,8.0,5.0,5.0,52.6705104,1.7777777777777777
2100,5.0,4,2000,16.0,8.0,5.0,55.1119344,1.7777777777777777
3650,5.5,4,2000,16.0,8.0,5.0,87.0174912,1.7777777777777777
1650,4.5,4,1000,8.0,5.0,0.3,34.681070399999996,1.7791666666666666
2500,5.0,4,1000,8.0,5.0,5.0,69.7604784,1.7777777777777777
2800,5.5,4,1000,8.0,5.0,5.0,75.1573104,1.7777777777777777
2450,5.0,4,1000,8.0,5.0,5.0,51.3855504,1.7791666666666666
3000,5.2,8,2000,16.0,13.0,8.0,214.5754704,1.7777777777777777
3100,5.5,8,2000,16.0,13.0,8.0,77.0847504,1.7777777777777777
3000,5.5,4,4000,32.0,21.0,8.0,218.43035039999998,1.7777777777777777
4850,6.44,6,4000,128.0,16.0,5.0,256.9791504,1.7777777777777777
4000,5.0,4,2000,16.0,8.0,2.0,83.4967008,2.5277777777777777
1800,4.0,4,1000,8.0,5.0,0.3,45.988718399999996,1.6666666666666667
2900,5.5,4,1000,8.0,5.0,2.0,38.5359504,0.5620608899297423
2800,5.0,4,2000,16.0,5.0,2.0,76.4422704,1.7791666666666666
2730,5.2,8,2000,16.0,8.0,5.0,134.27832,0.5625
2770,5.0,4,4000,32.0,12.3,8.0,286.53323040000004,1.7777777777777777
2300,5.0,1,512,4.0,3.2,0.3,51.3855504,1.7791666666666666
2000,4.5,1,1000,8.0,5.0,2.0,58.2343872,1.7791666666666666
3100,5.5,8,3000,32.0,13.0,5.0,77.0847504,1.5
4010,5.5,8,4000,32.0,13.0,8.0,154.83767999999998,1.7777777777777777
2350,5.0,4,1000,8.0,5.0,5.0,70.6728,1.7791666666666666
3300,5.5,8,3000,16.0,13.0,5.0,102.7839504,1.7777777777777777
2000,5.0,4,2000,16.0,8.0,5.0,55.2404304,1.7777777777777777
2000,5.0,4,1000,8.0,8.0,2.0,89.818704,1.7777777777777777
1850,5.0,2,512,4.0,5.0,0.3,29.5412304,1.7791666666666666
2600,5.5,4,1000,8.0,8.0,5.0,82.23743999999999,1.7777777777777777
1400,4.0,4,1000,8.0,5.0,0.3,41.054472000000004,1.6666666666666667
2700,5.5,4,2000,32.0,13.0,5.0,205.59359999999998,1.7777777777777777
2400,5.0,4,2000,16.0,13.0,5.0,160.6071504,1.7777777777777777
3000,5.0,4,3000,32.0,13.0,5.0,106.00919999999999,1.7777777777777777
2300,5.5,4,1000,16.0,8.0,2.0,55.6773168,1.7777777777777777
2900,5.5,4,2000,16.0,8.0,2.0,89.818704,1.7777777777777777
2300,5.0,4,2000,16.0,8.0,2.0,93.80208,1.7777777777777777
2300,5.0,4,1000,16.0,8.0,2.0,95.72952000000001,1.7777777777777777
2000,4.5,4,512,8.0,5.0,1.3,35.9660304,1.7791666666666666
1950,3.8,4,2000,16.0,8.0,5.0,218.31470399999998,1.6666666666666667
2500,5.0,4,1000,8.0,8.0,5.0,66.1625904,0.5625
2200,5.0,4,2000,8.0,5.0,2.0,38.5359504,1.7791666666666666
2000,4.5,4,1000,8.0,5.0,0.3,34.69392,1.7791666666666666
2300,5.0,8,3000,16.0,13.0,5.0,52.169376,1.7777777777777777
2000,4.5,4,1000,16.0,5.0,2.0,91.23216000000001,1.7791666666666666
2200,5.0,6,2000,16.0,5.0,5.0,55.2404304,1.7777777777777777
2600,5.5,4,3000,16.0,13.0,8.0,83.5095504,0.5625
1500,4.0,4,1000,8.0,5.0,0.3,46.2457104,1.6666666666666667
3000,5.2,4,3000,16.0,13.0,5.0,89.9472,1.7777777777777777
2000,4.7,4,2000,8.0,8.0,2.0,79.6546704,1.7777777777777777
2000,5.0,4,1000,8.0,5.0,3.2,51.3855504,1.7791666666666666
1400,4.0,4,512,4.0,2.0,0.3,51.269904000000004,1.6666666666666667
2000,4.0,4,512,4.0,5.0,0.3,64.2351504,1.6666666666666667
2250,5.0,4,2000,16.0,8.0,5.0,96.35915039999999,1.7777777777777777
1750,4.0,4,1000,8.0,5.0,2.0,32.1111504,1.6666666666666667
3400,5.5,4,2000,16.0,13.0,5.0,89.9343504,1.7777777777777777
2070,4.5,4,1000,8.0,8.0,2.0,57.8103504,1.7791666666666666
2000,4.5,4,1000,8.0,8.0,5.0,32.702231999999995,1.7791666666666666
2920,5.5,4,2000,16.0,8.0,2.0,64.2351504,1.7777777777777777
2500,5.0,4,2000,16.0,8.0,5.0,102.7711008,1.7777777777777777
3000,5.0,4,2000,16.0,13.0,5.0,38.420304,1.7777777777777777
4000,5.0,4,1000,8.0,8.0,2.0,79.6546704,1.7777777777777777
2850,6.0,4,2000,16.0,8.0,2.0,64.183752,1.7777777777777777
2800,5.0,1,1000,8.0,5.0,2.0,59.108160000000005,1.7791666666666666
3500,5.5,8,3000,32.0,13.0,8.0,102.66830399999999,1.7777777777777777
2450,5.0,4,3000,32.0,8.0,5.0,71.9449104,1.7777777777777777
2400,4.0,4,512,8.0,2.0,0.3,28.140624,0.6
2200,5.0,4,2000,16.0,8.0,5.0,83.5095504,0.5625
2600,5.0,8,3000,16.0,13.0,5.0,101.51183999999999,1.7777777777777777
2000,5.0,4,1000,8.0,8.0,3.2,42.133838399999995,0.5625
2600,5.0,4,2000,16.0,8.0,5.0,134.663808,1.7777777777777777
2600,5.5,8,3000,16.0,13.0,13.0,77.0976,1.7777777777777777
2450,5.0,4,1000,8.0,5.0,5.0,64.2094512,1.7777777777777777
1500,4.0,1,256,0.512,2.0,0.3,25.6863504,1.6666666666666667
1750,4.5,4,1000,8.0,5.0,0.3,89.9343504,1.6666666666666667
2000,4.5,4,512,8.0,5.0,0.3,31.969804800000002,1.7791666666666666
2800,5.0,4,1000,8.0,5.0,2.0,49.9463952,1.7791666666666666
2350,5.0,4,1000,8.0,8.0,5.0,84.80736,1.7777777777777777
2920,5.0,1,2000,16.0,13.0,5.0,64.2351504,1.7777777777777777
4100,5.2,4,2000,16.0,13.0,5.0,179.76590399999998,1.7777777777777777
4000,5.0,1,1000,8.0,8.0,5.0,42.3908304,1.7791666666666666
3000,5.5,4,2000,16.0,13.0,5.0,76.96910399999999,1.7777777777777777
2600,5.0,4,2000,16.0,8.0,5.0,83.26540800000001,1.7777777777777777
2600,5.0,4,1000,8.0,8.0,5.0,76.96910399999999,1.7777777777777777
3800,5.0,4,1000,8.0,8.0,2.0,64.183752,1.7777777777777777
5000,5.5,8,3000,32.0,13.0,13.0,154.1823504,1.7777777777777777
3000,5.5,8,3000,32.0,16.0,5.0,141.21710399999998,1.7777777777777777
2500,5.5,4,2000,16.0,8.0,5.0,64.1066544,1.7777777777777777
2200,4.0,4,512,4.0,2.0,0.3,25.6863504,1.6666666666666667
3000,5.2,8,4000,64.0,13.0,16.0,128.4831504,1.7777777777777777
2300,5.0,4,1000,8.0,5.0,2.0,62.834544,1.7791666666666666
3000,5.5,4,6000,64.0,16.0,8.0,269.8287504,1.7777777777777777
2500,5.0,8,3000,32.0,13.0,13.0,89.818704,1.7777777777777777
2100,5.0,4,1000,8.0,5.0,0.3,61.549584,1.7791666666666666
2500,5.5,4,1000,16.0,8.0,5.0,94.94569440000001,1.7777777777777777
2630,5.0,4,2000,16.0,8.0,5.0,111.3546336,1.7777777777777777
2500,5.0,4,512,8.0,2.0,0.3,34.1542368,1.7791666666666666
5000,5.0,4,1000,8.0,8.0,5.0,70.6599504,1.7777777777777777
4100,5.0,8,2000,16.0,13.0,5.0,83.5224,1.7777777777777777
2200,5.0,4,2000,16.0,8.0,5.0,62.950190400000004,1.7777777777777777
3000,5.5,8,2000,16.0,13.0,5.0,6.3477024,1.7777777777777777
2300,5.0,4,1000,8.0,8.0,5.0,89.9472,1.7777777777777777
2400,4.0,4,1000,8.0,5.0,2.0,46.130064,1.6666666666666667
1400,4.0,4,512,4.0,5.0,2.0,31.969804800000002,1.6666666666666667
4050,6.4,4,3000,32.0,13.0,5.0,115.63355039999999,1.7777777777777777
4050,6.4,8,4000,64.0,16.0,8.0,295.5279504,1.7777777777777777
2700,5.0,4,3000,16.0,13.0,5.0,64.2351504,1.7777777777777777
2000,5.0,4,1000,8.0,8.0,5.0,107.92379039999999,1.7777777777777777
2500,5.0,4,2000,8.0,8.0,5.0,124.64112,1.7777777777777777
1800,4.5,4,1000,8.0,5.0,2.0,57.8103504,1.2166666666666666
2600,5.0,4,2000,16.0,8.0,5.0,106.6388304,1.7777777777777777
1750,4.0,4,512,4.0,2.0,2.0,25.6863504,1.6666666666666667
3050,5.0,8,2000,16.0,13.0,8.0,38.5359504,1.7777777777777777
2000,5.0,4,1000,8.0,5.0,2.0,115.63355039999999,1.7791666666666666
3000,5.0,4,2000,16.0,8.0,5.0,57.8232,1.7777777777777777
3000,5.7,8,3000,16.0,16.0,8.0,115.63355039999999,1.7777777777777777
4100,5.3,4,2000,16.0,13.0,5.0,89.9343504,1.7777777777777777
1400,4.0,4,512,8.0,2.0,0.3,53.955470399999996,1.6666666666666667
1800,4.5,4,1000,8.0,5.0,2.0,33.9100944,1.7791666666666666
1750,4.5,4,512,4.0,5.0,0.3,53.955470399999996,1.6666666666666667
1300,4.0,4,512,4.0,2.0,0.3,30.826190399999998,1.6666666666666667
4000,5.0,4,3000,16.0,8.0,5.0,69.77332799999999,1.7777777777777777
2200,5.5,4,1000,8.0,5.0,2.0,53.96832,1.6666666666666667
2500,5.0,4,1000,8.0,8.0,8.0,76.712112,1.7777777777777777
1750,4.5,4,1000,8.0,5.0,5.0,55.2404304,1.7791666666666666
2200,5.0,4,1000,8.0,8.0,5.0,64.2351504,1.7777777777777777
1900,4.5,4,1000,8.0,5.0,2.0,62.5261536,1.7791666666666666
2800,5.0,4,2000,16.0,8.0,5.0,89.818704,1.7777777777777777
2700,6.0,8,3000,16.0,21.5,16.0,102.7839504,1.7777777777777777
2300,5.0,4,1000,8.0,5.0,2.0,57.8232,1.7777777777777777
2200,5.0,8,3000,32.0,13.0,5.0,83.4967008,1.7777777777777777
4000,5.0,4,1000,8.0,8.0,2.0,77.0847504,1.7777777777777777
1500,4.0,4,1000,8.0,5.0,2.0,46.2457104,1.6666666666666667
2000,5.0,4,512,4.0,5.0,2.0,43.675790400000004,1.6666666666666667
2000,5.0,4,3000,16.0,8.0,2.0,59.043912,1.7777777777777777
1800,4.5,4,1000,8.0,5.0,2.0,50.74307039999999,1.7791666666666666
1450,4.0,4,512,4.0,0.3,0.3,34.2570336,1.6666666666666667
2800,5.5,8,3000,32.0,13.0,4.0,102.7839504,1.7777777777777777
3000,6.0,4,1000,8.0,8.0,5.0,96.757488,1.7777777777777777
2000,5.0,4,512,4.0,5.0,0.3,25.6863504,1.7791666666666666
3000,5.2,8,2000,16.0,13.0,8.0,128.4831504,1.7777777777777777
2700,5.5,4,2000,16.0,13.0,5.0,71.3024304,1.7777777777777777
3000,5.5,4,3000,16.0,13.0,5.0,96.372,1.7777777777777777
2070,4.5,4,1000,8.0,5.0,0.3,51.3855504,1.7791666666666666
1500,4.5,4,1000,8.0,2.0,0.3,61.035599999999995,1.7791666666666666
2540,5.5,4,2000,16.0,13.0,8.0,64.2351504,1.7777777777777777
3000,5.5,8,3000,32.0,16.0,8.0,57.8232,1.7777777777777777
3000,5.5,10,4000,32.0,21.0,8.0,75.684144,1.7777777777777777
2800,5.0,8,3000,64.0,16.0,8.0,128.4831504,1.7777777777777777
2000,5.0,4,1000,16.0,5.0,2.0,61.67808,1.7777777777777777
4000,6.0,8,3000,16.0,13.0,5.0,83.5095504,1.7777777777777777
3000,5.0,4,1000,8.0,5.0,2.0,51.475497600000004,1.7791666666666666
3000,5.2,8,3000,32.0,12.0,5.0,125.2964496,1.7777777777777777
4100,5.5,8,2000,16.0,13.0,5.0,67.974384,1.7777777777777777
2500,5.0,4,1000,8.0,5.0,2.0,34.565424,1.7777777777777777
2500,5.0,4,2000,16.0,8.0,5.0,64.119504,1.7777777777777777
1850,4.5,4,1000,8.0,5.0,2.0,64.2351504,1.7791666666666666
5000,6.0,8,4000,32.0,16.0,8.0,256.735008,1.7777777777777777
1400,4.0,4,512,4.0,2.0,2.0,28.256270400000002,1.6666666666666667
3300,5.5,8,2000,16.0,13.0,5.0,172.82712,1.5
3100,5.2,4,2000,16.0,13.0,5.0,128.4831504,1.7777777777777777
2200,4.7,4,1000,16.0,8.0,5.0,110.4937104,1.7777777777777777
2000,4.0,4,1000,8.0,3.2,1.3,28.26912,1.6666666666666667
2500,5.0,4,2000,8.0,8.0,8.0,57.8232,1.7777777777777777
2200,5.0,4,2000,16.0,13.0,5.0,84.80736,1.7777777777777777
1200,4.0,2,512,4.0,2.0,0.3,25.6863504,1.6666666666666667
2500,5.0,4,1000,8.0,5.0,0.3,42.827716800000005,1.7791666666666666
1700,4.0,4,768,4.0,2.0,0.3,83.5224,1.6666666666666667
1750,4.5,2,512,8.0,3.2,0.3,25.6863504,1.7791666666666666
2300,4.5,4,1000,8.0,8.0,5.0,57.694704,0.5647058823529412
1600,4.5,4,1000,8.0,5.0,2.0,86.863296,1.7791666666666666
2200,5.0,4,1000,8.0,5.0,0.0,44.960750399999995,1.7791666666666666
3050,5.5,8,4000,64.0,21.0,8.0,83.5095504,1.7777777777777777
2600,5.5,8,3000,32.0,16.0,8.0,95.07419039999999,1.7777777777777777
2300,5.0,2,1000,8.0,5.0,2.0,38.5359504,1.7791666666666666
2250,5.0,4,1000,8.0,5.0,5.0,44.960750399999995,1.7791666666666666
2300,5.0,4,2000,16.0,13.0,5.0,102.7839504,1.7777777777777777
3600,5.5,10,4000,32.0,21.0,8.0,128.239008,1.7777777777777777
2500,5.0,4,2000,8.0,8.0,5.0,58.581326399999995,1.7777777777777777
2500,5.0,4,2000,16.0,8.0,2.0,61.6652304,1.7777777777777777
2500,5.0,4,2000,16.0,8.0,8.0,49.342464,1.7777777777777777
2620,5.0,1,3000,32.0,23.0,13.0,256.863504,1.7777777777777777
2300,5.0,8,2000,16.0,13.0,8.0,102.71970239999999,1.7777777777777777
2700,5.5,4,2000,16.0,13.0,5.0,101.38334400000001,1.7777777777777777
2200,5.0,4,2000,16.0,13.0,5.0,132.3380304,1.7777777777777777
4150,5.96,4,4000,64.0,15.0,8.0,1140.0036624,1.7777777777777777
2610,5.2,8,3000,16.0,13.0,8.0,218.43035039999998,1.7777777777777777
3000,5.0,4,2000,16.0,8.0,5.0,88.0069104,1.7777777777777777
3000,5.0,4,1000,8.0,8.0,3.2,52.6705104,1.7791666666666666
3000,5.7,4,1000,16.0,13.0,8.0,102.7839504,1.7777777777777777
2200,5.0,4,3000,16.0,8.0,2.0,87.37728000000001,1.7777777777777777
3000,5.0,4,1000,8.0,5.0,2.0,39.8209104,1.7777777777777777
2000,5.0,4,1000,16.0,8.0,5.0,128.367504,1.7777777777777777
2520,5.2,8,2000,16.0,13.0,8.0,102.79679999999999,1.7777777777777777
2500,5.0,4,1000,8.0,8.0,2.0,38.5359504,1.7777777777777777
1400,4.0,4,512,4.0,2.0,2.0,35.9660304,1.6666666666666667
2500,5.0,4,2000,8.0,8.0,5.0,102.53980800000001,1.7777777777777777
2000,5.0,4,512,4.0,5.0,2.0,63.592670399999996,1.7777777777777777
5000,5.5,8,3000,32.0,13.0,5.0,98.67207839999999,1.7777777777777777
2500,5.0,4,1000,8.0,5.0,2.0,51.269904000000004,1.7777777777777777
1500,4.0,1,1000,8.0,5.0,0.3,38.420304,1.6666666666666667
1800,4.5,1,1000,8.0,5.0,2.0,64.2351504,1.7791666666666666
3200,5.0,4,2000,16.0,8.0,5.0,68.0900304,1.7777777777777777
2000,4.5,4,1000,8.0,5.0,5.0,70.6599504,1.7791666666666666
2500,5.0,4,2000,8.0,8.0,5.0,51.3855504,1.7777777777777777
2500,5.0,4,2000,16.0,13.2,5.0,154.1952,1.7777777777777777
2600,5.5,4,2000,16.0,13.0,8.0,97.6441104,1.7777777777777777
3000,5.0,4,1000,8.0,5.0,2.0,51.334151999999996,1.7791666666666666
2350,5.0,4,2000,16.0,8.0,5.0,116.9185104,1.7777777777777777
3000,5.5,4,3000,16.0,13.0,8.0,106.00919999999999,1.7777777777777777
2400,5.0,8,2000,16.0,13.0,5.0,99.5844,1.7777777777777777
2600,5.0,8,2000,16.0,13.0,5.0,61.67808,1.7777777777777777
3500,5.5,8,2000,16.0,13.0,8.0,115.51790399999999,1.7777777777777777
2350,5.0,8,3000,32.0,13.0,5.0,179.7402048,1.7777777777777777
2500,5.0,4,2000,16.0,8.0,5.0,46.2457104,1.7777777777777777
2000,5.0,4,1000,8.0,5.0,2.0,44.318270399999996,1.7791666666666666
2300,5.0,2,1000,8.0,2.0,0.3,60.264624,1.7791666666666666
1550,4.0,4,1000,8.0,5.0,0.3,66.80507039999999,1.6666666666666667
2000,5.0,4,1000,8.0,5.0,2.0,61.3825392,1.7791666666666666
1400,4.0,1,512,4.0,2.0,0.3,30.826190399999998,1.6666666666666667
1400,4.0,1,256,0.512,2.0,0.3,25.6863504,1.6666666666666667
2900,5.5,8,2000,16.0,13.0,5.0,179.8944,1.7777777777777777
2300,5.0,4,512,8.0,3.2,1.3,60.264624,1.7791666666666666
2580,6.0,4,1000,16.0,8.0,5.0,51.3727008,1.7777777777777777
2125,5.0,4,1000,8.0,5.0,5.0,12.7725024,1.7791666666666666
2300,5.3,4,1000,8.0,13.0,5.0,51.3213024,1.7777777777777777
1700,4.5,2,512,4.0,5.0,2.0,48.82848,1.7791666666666666
2000,5.0,4,512,8.0,5.0,2.0,37.250990400000006,1.7791666666666666
2000,4.5,4,1000,8.0,2.0,0.3,55.124784000000005,1.7791666666666666
2000,5.0,4,1000,8.0,8.0,3.2,111.79152,1.7777777777777777
2300,5.0,4,1000,8.0,8.0,5.0,102.7839504,1.7777777777777777
2900,5.5,4,1000,8.0,5.0,2.0,48.0446544,1.7777777777777777
2200,5.0,4,1000,8.0,13.0,5.0,37.90632,1.7777777777777777
2000,5.0,4,1000,8.0,8.0,2.0,60.38027039999999,1.7777777777777777
2000,4.5,4,512,8.0,2.0,0.3,28.256270400000002,1.7791666666666666
2350,5.0,4,3000,16.0,13.0,5.0,57.8103504,1.7777777777777777
2100,5.0,8,3000,16.0,13.0,5.0,53.32584000000001,1.7777777777777777
3450,7.0,4,1000,8.0,5.0,0.3,79.6546704,0.5859375
3100,5.5,4,2000,16.0,13.0,5.0,115.63355039999999,1.7777777777777777
2200,5.5,4,1000,8.0,8.0,5.0,51.3855504,1.7777777777777777
2500,5.5,4,3000,16.0,13.0,5.0,61.549584,1.7777777777777777
2000,4.7,4,1000,8.0,8.0,5.0,64.119504,1.7777777777777777
2000,5.0,8,1000,16.0,5.0,2.0,89.9343504,1.7777777777777777
2800,5.0,8,2000,16.0,13.0,8.0,37.26384,1.7777777777777777
2500,5.5,8,2000,16.0,13.0,5.0,89.818704,1.7777777777777777
3300,5.5,8,3000,16.0,13.0,5.0,128.4831504,1.7777777777777777
2200,5.0,8,1000,8.0,8.0,5.0,82.10894400000001,1.7777777777777777
1600,4.5,4,1000,8.0,2.0,0.3,38.5359504,1.7791666666666666
2500,5.0,4,1000,8.0,5.0,2.0,96.35915039999999,0.5620608899297423
2900,5.0,4,3000,16.0,13.0,5.0,154.1952,1.7777777777777777
4000,5.0,4,1000,8.0,5.0,2.0,64.2351504,1.7777777777777777
2000,4.5,4,1000,8.0,5.0,0.3,38.5359504,1.7791666666666666
2600,5.0,4,1000,8.0,8.0,5.0,64.2351504,1.7777777777777777
2300,5.0,2,512,8.0,2.0,0.3,52.554863999999995,1.7791666666666666
2000,5.0,4,2000,16.0,8.0,2.0,52.04088,1.7777777777777777
1750,4.5,4,1000,8.0,8.0,2.0,48.815630399999996,1.7791666666666666
2150,5.0,4,3000,16.0,8.0,2.0,75.1573104,1.7777777777777777
1400,4.0,1,256,0.512,0.3,0.3,28.256270400000002,1.6666666666666667
2000,4.5,4,512,8.0,2.0,0.3,28.256270400000002,1.7791666666666666
2100,5.0,4,1000,8.0,8.0,3.2,60.38027039999999,1.7791666666666666
3150,5.5,8,3000,16.0,13.0,5.0,83.39390399999999,1.7777777777777777
2600,5.5,4,2000,16.0,13.0,8.0,89.818704,1.7777777777777777
2800,5.5,8,2000,16.0,13.0,4.0,102.7839504,1.7777777777777777
2800,5.5,8,1000,16.0,13.0,5.0,148.8754656,1.7777777777777777
2500,5.0,4,1000,8.0,5.0,0.3,62.96304000000001,1.7791666666666666
1400,4.0,2,512,8.0,0.3,0.3,55.2404304,1.6666666666666667
2400,5.0,8,3000,32.0,13.0,5.0,128.4831504,1.7777777777777777
2000,4.5,4,1000,8.0,5.0,2.0,31.995503999999997,1.7791666666666666
2000,4.0,1,256,0.512,2.0,0.3,33.396110400000005,1.6666666666666667
2420,5.0,4,1000,16.0,8.0,5.0,105.36672,1.7777777777777777
3000,5.5,4,1000,8.0,13.0,5.0,128.2004592,1.7777777777777777
2000,5.0,4,512,2.0,5.0,2.0,30.826190399999998,1.7791666666666666
2600,5.0,4,1000,8.0,8.0,5.0,59.814887999999996,1.7777777777777777
2000,4.0,4,1000,8.0,5.0,0.3,45.6032304,1.6666666666666667
2300,5.0,4,2000,16.0,13.0,5.0,76.96910399999999,1.7777777777777777
4000,5.0,4,2000,8.0,8.0,2.0,111.79152,1.7791666666666666
2000,5.0,4,1000,8.0,5.0,0.3,68.10288,1.7777777777777777
2500,5.0,4,3000,16.0,8.0,5.0,119.50128000000001,1.7777777777777777
3000,5.5,8,3000,16.0,13.2,5.0,83.5095504,1.7777777777777777
1450,4.0,4,512,4.0,2.0,1.3,28.783103999999998,1.6666666666666667
2000,5.0,4,512,4.0,5.0,2.0,38.5359504,1.7791666666666666
2600,5.0,4,1000,8.0,8.0,5.0,64.119504,1.7777777777777777
2910,5.5,4,1000,8.0,8.0,2.0,109.2087504,1.7777777777777777
2150,5.0,4,1000,8.0,8.0,2.0,50.1005904,1.7777777777777777
2800,5.2,8,3000,32.0,13.0,8.0,75.81264,1.7777777777777777
1700,4.5,2,512,8.0,5.0,2.0,49.342464,1.7791666666666666
2100,4.7,4,1000,8.0,5.0,2.0,69.36214079999999,1.7777777777777777
3000,5.2,6,3000,32.0,20.0,5.0,531.8449439999999,1.7777777777777777
3340,5.7,8,3000,32.0,20.0,5.0,321.22715039999997,1.7777777777777777
1650,4.5,4,512,4.0,5.0,2.0,38.5359504,1.7791666666666666
3000,5.7,6,4000,64.0,16.0,5.0,192.7311504,1.7777777777777777
3000,5.0,4,1000,1.0,8.0,5.0,69.3749904,1.7791666666666666
2000,5.0,4,1000,8.0,5.0,2.0,35.9660304,1.7791666666666666
1900,4.5,4,1000,8.0,5.0,2.0,64.2351504,0.5620608899297423
1800,4.3,2,512,4.0,5.0,2.0,55.253280000000004,1.6666666666666667
2260,4.7,4,1000,16.0,8.0,5.0,115.6592496,1.7777777777777777
2820,5.5,4,2000,16.0,13.0,5.0,57.8103504,1.7777777777777777
2000,4.0,1,512,8.0,5.0,0.3,32.1111504,1.6666666666666667
2000,4.5,4,1000,8.0,5.0,2.0,41.10587039999999,1.7791666666666666
2000,4.5,4,1000,16.0,5.0,0.3,42.3908304,1.0104166666666667
2000,5.0,4,1000,8.0,8.0,5.0,63.862512,1.7777777777777777
4000,5.0,4,1000,8.0,5.0,2.0,76.96910399999999,1.7777777777777777
4000,5.5,4,2000,16.0,8.0,5.0,76.96910399999999,1.7777777777777777
1850,4.7,4,1000,8.0,8.0,8.0,55.189032,1.7777777777777777
2000,5.0,4,2000,16.0,13.0,8.0,51.3855504,1.7777777777777777
4000,5.0,4,2000,8.0,8.0,2.0,55.124784000000005,1.7777777777777777
2800,5.5,8,2000,16.0,13.0,5.0,77.0847504,1.7777777777777777
3900,5.0,4,2000,16.0,8.0,5.0,89.9343504,1.7777777777777777
3430,5.5,8,3000,32.0,23.0,5.0,738.852,1.7777777777777777
2420,5.0,4,2000,16.0,8.0,8.0,73.8852,1.7777777777777777
1850,4.5,4,1000,8.0,5.0,2.0,51.3855504,1.7791666666666666
2000,5.0,4,512,8.0,8.0,2.0,47.5306704,1.7791666666666666
1800,4.5,4,1000,1.0,8.0,3.2,64.183752,1.7791666666666666
2200,5.0,8,1000,8.0,8.0,5.0,70.6599504,1.7777777777777777
3000,5.0,4,1000,8.0,5.0,2.0,72.58739039999999,1.7777777777777777
2500,5.0,8,3000,16.0,13.2,5.0,51.269904000000004,1.7777777777777777
2910,5.5,8,2000,32.0,13.0,8.0,192.615504,1.7777777777777777
1500,4.0,4,512,4.0,2.0,0.3,30.826190399999998,1.6666666666666667
2000,4.5,4,1000,8.0,5.0,2.0,77.0976,1.7791666666666666
1400,4.0,1,256,0.512,2.0,0.3,28.5518112,2.0
1800,4.5,4,1000,8.0,5.0,0.3,59.750640000000004,1.7791666666666666
2000,5.0,4,1000,8.0,8.0,2.0,74.91316800000001,1.7777777777777777
2500,5.5,4,1000,8.0,8.0,2.0,51.269904000000004,1.7777777777777777
1750,4.5,4,512,8.0,5.0,0.3,55.2404304,0.5620608899297423
2000,5.0,4,512,8.0,8.0,0.3,44.960750399999995,1.7777777777777777
2000,5.0,4,512,8.0,5.0,0.3,50.1005904,1.7777777777777777
1600,4.0,2,512,4.0,5.0,0.3,41.10587039999999,1.6666666666666667
1700,4.5,4,2000,16.0,8.0,5.0,57.8103504,1.7777777777777777
2500,5.0,4,1000,8.0,8.0,2.0,57.8232,1.7777777777777777
1600,4.5,4,512,8.0,5.0,1.3,57.1678704,1.7791666666666666
2300,5.5,4,1000,8.0,8.0,2.0,105.36672,1.7777777777777777
3000,6.0,8,3000,16.0,13.0,5.0,115.63355039999999,1.7777777777777777
2300,5.0,4,2000,16.0,13.0,5.0,77.0847504,1.7777777777777777
2500,5.0,4,2000,16.0,13.0,8.0,89.9343504,1.7777777777777777
2070,5.0,4,2000,8.0,13.0,5.0,76.96910399999999,1.7777777777777777
2600,5.0,8,3000,16.0,21.5,13.0,77.0847504,1.7777777777777777
2930,6.0,8,2000,16.0,13.0,13.0,333.961104,1.7777777777777777
2000,4.5,4,1000,8.0,8.0,5.0,38.5359504,0.5620608899297423
2450,5.2,8,2000,16.0,13.0,5.0,57.694704,1.7777777777777777
1400,3.5,2,512,4.0,2.0,0.3,25.699199999999998,1.6666666666666667
3000,6.0,4,1000,8.0,8.0,5.0,64.248,1.7777777777777777
2000,5.0,4,1000,8.0,5.0,2.0,38.5359504,1.7791666666666666
2900,4.0,4,512,4.0,5.0,2.0,52.04088,1.6666666666666667
2540,5.0,4,1000,8.0,8.0,5.0,51.3855504,1.7791666666666666
1800,4.7,4,2000,16.0,8.0,5.0,51.269904000000004,1.7777777777777777
1500,4.0,4,512,4.0,3.0,0.3,38.420304,1.6666666666666667
1250,3.5,1,256,0.512,2.0,0.3,32.1111504,1.5
1450,4.0,1,512,4.0,3.2,1.3,44.9736,1.6666666666666667
1300,4.0,2,512,4.0,3.2,0.3,38.3432064,1.6666666666666667
2300,5.0,4,2000,16.0,13.0,5.0,196.59887999999998,1.7777777777777777
2050,5.0,8,2000,16.0,13.0,5.0,71.0454384,1.7777777777777777
2100,5.0,4,1000,8.0,8.0,2.0,47.5306704,0.5620608899297423
1400,4.0,4,1000,8.0,5.0,0.3,46.2457104,1.6666666666666667
1500,4.0,4,512,8.0,5.0,0.3,33.396110400000005,1.6666666666666667
2000,5.0,4,1000,8.0,8.0,5.0,37.777824,1.7791666666666666
1700,4.5,2,512,4.0,5.0,2.0,38.5359504,1.7791666666666666
1250,4.0,1,256,0.512,2.0,0.3,32.0983008,1.6666666666666667
2150,5.0,4,1000,8.0,8.0,0.0,51.3855504,1.7791666666666666
